invariant_id,name_sec
STOCK10000,STOCK10000
STOCK10001,STOCK10001
STOCK10002,STOCK10002
STOCK10003,STOCK10003
STOCK10004,STOCK10004
STOCK10005,STOCK10005
STOCK10006,STOCK10006
STOCK10007,STOCK10007
STOCK10008,STOCK10008
STOCK10009,STOCK10009
STOCK10010,STOCK10010
STOCK10011,STOCK10011
STOCK10012,STOCK10012
STOCK10013,STOCK10013
STOCK10014,STOCK10014
STOCK10015,STOCK10015
STOCK10016,STOCK10016
STOCK10017,STOCK10017
STOCK10018,STOCK10018
STOCK10019,STOCK10019
STOCK10020,STOCK10020
STOCK10021,STOCK10021
STOCK10022,STOCK10022
STOCK10023,STOCK10023
STOCK10024,STOCK10024
STOCK10025,STOCK10025
STOCK10026,STOCK10026
STOCK10027,STOCK10027
STOCK10028,STOCK10028
STOCK10029,STOCK10029
STOCK10030,STOCK10030
STOCK10031,STOCK10031
STOCK10032,STOCK10032
STOCK10033,STOCK10033
STOCK10034,STOCK10034
STOCK10035,STOCK10035
STOCK10036,STOCK10036
STOCK10037,STOCK10037
STOCK10038,STOCK10038
STOCK10039,STOCK10039
STOCK10040,STOCK10040
STOCK10041,STOCK10041
STOCK10042,STOCK10042
STOCK10043,STOCK10043
STOCK10044,STOCK10044
STOCK10045,STOCK10045
STOCK10046,STOCK10046
STOCK10047,STOCK10047
STOCK10048,STOCK10048
STOCK10049,STOCK10049
STOCK10050,STOCK10050
STOCK10051,STOCK10051
STOCK10052,STOCK10052
STOCK10053,STOCK10053
STOCK10054,STOCK10054
STOCK10055,STOCK10055
STOCK10056,STOCK10056
STOCK10057,STOCK10057
STOCK10058,STOCK10058
STOCK10059,STOCK10059
STOCK10060,STOCK10060
STOCK10061,STOCK10061
STOCK10062,STOCK10062
STOCK10063,STOCK10063
STOCK10064,STOCK10064
STOCK10065,STOCK10065
STOCK10066,STOCK10066
STOCK10067,STOCK10067
STOCK10068,STOCK10068
STOCK10069,STOCK10069
STOCK10070,STOCK10070
STOCK10071,STOCK10071
STOCK10072,STOCK10072
STOCK10073,STOCK10073
STOCK10074,STOCK10074
STOCK10075,STOCK10075
STOCK10076,STOCK10076
STOCK10077,STOCK10077
STOCK10078,STOCK10078
STOCK10079,STOCK10079
STOCK10080,STOCK10080
STOCK10081,STOCK10081
STOCK10082,STOCK10082
STOCK10083,STOCK10083
STOCK10084,STOCK10084
STOCK10085,STOCK10085
STOCK10086,STOCK10086
STOCK10087,STOCK10087
STOCK10088,STOCK10088
STOCK10089,STOCK10089
STOCK10090,STOCK10090
STOCK10091,STOCK10091
STOCK10092,STOCK10092
STOCK10093,STOCK10093
STOCK10094,STOCK10094
STOCK10095,STOCK10095
STOCK10096,STOCK10096
STOCK10097,STOCK10097
STOCK10098,STOCK10098
STOCK10099,STOCK10099
STOCK10100,STOCK10100
STOCK10101,STOCK10101
STOCK10102,STOCK10102
STOCK10103,STOCK10103
STOCK10104,STOCK10104
STOCK10105,STOCK10105
STOCK10106,STOCK10106
STOCK10107,STOCK10107
STOCK10108,STOCK10108
STOCK10109,STOCK10109
STOCK10110,STOCK10110
STOCK10111,STOCK10111
STOCK10112,STOCK10112
STOCK10113,STOCK10113
STOCK10114,STOCK10114
STOCK10115,STOCK10115
STOCK10116,STOCK10116
STOCK10117,STOCK10117
STOCK10118,STOCK10118
STOCK10119,STOCK10119
STOCK10120,STOCK10120
STOCK10121,STOCK10121
STOCK10122,STOCK10122
STOCK10123,STOCK10123
STOCK10124,STOCK10124
STOCK10125,STOCK10125
STOCK10126,STOCK10126
STOCK10127,STOCK10127
STOCK10128,STOCK10128
STOCK10129,STOCK10129
STOCK10130,STOCK10130
STOCK10131,STOCK10131
STOCK10132,STOCK10132
STOCK10133,STOCK10133
STOCK10134,STOCK10134
STOCK10135,STOCK10135
STOCK10136,STOCK10136
STOCK10137,STOCK10137
STOCK10138,STOCK10138
STOCK10139,STOCK10139
STOCK10140,STOCK10140
STOCK10141,STOCK10141
STOCK10142,STOCK10142
STOCK10143,STOCK10143
STOCK10144,STOCK10144
STOCK10145,STOCK10145
STOCK10146,STOCK10146
STOCK10147,STOCK10147
STOCK10148,STOCK10148
STOCK10149,STOCK10149
STOCK10150,STOCK10150
STOCK10151,STOCK10151
STOCK10152,STOCK10152
STOCK10153,STOCK10153
STOCK10154,STOCK10154
STOCK10155,STOCK10155
STOCK10156,STOCK10156
STOCK10157,STOCK10157
STOCK10158,STOCK10158
STOCK10159,STOCK10159
STOCK10160,STOCK10160
STOCK10161,STOCK10161
STOCK10162,STOCK10162
STOCK10163,STOCK10163
STOCK10164,STOCK10164
STOCK10165,STOCK10165
STOCK10166,STOCK10166
STOCK10167,STOCK10167
STOCK10168,STOCK10168
STOCK10169,STOCK10169
STOCK10170,STOCK10170
STOCK10171,STOCK10171
STOCK10172,STOCK10172
STOCK10173,STOCK10173
STOCK10174,STOCK10174
STOCK10175,STOCK10175
STOCK10176,STOCK10176
STOCK10177,STOCK10177
STOCK10178,STOCK10178
STOCK10179,STOCK10179
STOCK10180,STOCK10180
STOCK10181,STOCK10181
STOCK10182,STOCK10182
STOCK10183,STOCK10183
STOCK10184,STOCK10184
STOCK10185,STOCK10185
STOCK10186,STOCK10186
STOCK10187,STOCK10187
STOCK10188,STOCK10188
STOCK10189,STOCK10189
STOCK10190,STOCK10190
STOCK10191,STOCK10191
STOCK10192,STOCK10192
STOCK10193,STOCK10193
STOCK10194,STOCK10194
STOCK10195,STOCK10195
STOCK10196,STOCK10196
STOCK10197,STOCK10197
STOCK10198,STOCK10198
STOCK10199,STOCK10199
STOCK10200,STOCK10200
STOCK10201,STOCK10201
STOCK10202,STOCK10202
STOCK10203,STOCK10203
STOCK10204,STOCK10204
STOCK10205,STOCK10205
STOCK10206,STOCK10206
STOCK10207,STOCK10207
STOCK10208,STOCK10208
STOCK10209,STOCK10209
STOCK10210,STOCK10210
STOCK10211,STOCK10211
STOCK10212,STOCK10212
STOCK10213,STOCK10213
STOCK10214,STOCK10214
STOCK10215,STOCK10215
STOCK10216,STOCK10216
STOCK10217,STOCK10217
STOCK10218,STOCK10218
STOCK10219,STOCK10219
STOCK10220,STOCK10220
STOCK10221,STOCK10221
STOCK10222,STOCK10222
STOCK10223,STOCK10223
STOCK10224,STOCK10224
STOCK10225,STOCK10225
STOCK10226,STOCK10226
STOCK10227,STOCK10227
STOCK10228,STOCK10228
STOCK10229,STOCK10229
STOCK10230,STOCK10230
STOCK10231,STOCK10231
STOCK10232,STOCK10232
STOCK10233,STOCK10233
STOCK10234,STOCK10234
STOCK10235,STOCK10235
STOCK10236,STOCK10236
STOCK10237,STOCK10237
STOCK10238,STOCK10238
STOCK10239,STOCK10239
STOCK10240,STOCK10240
STOCK10241,STOCK10241
STOCK10242,STOCK10242
STOCK10243,STOCK10243
STOCK10244,STOCK10244
STOCK10245,STOCK10245
STOCK10246,STOCK10246
STOCK10247,STOCK10247
STOCK10248,STOCK10248
STOCK10249,STOCK10249
STOCK10250,STOCK10250
STOCK10251,STOCK10251
STOCK10252,STOCK10252
STOCK10253,STOCK10253
STOCK10254,STOCK10254
STOCK10255,STOCK10255
STOCK10256,STOCK10256
STOCK10257,STOCK10257
STOCK10258,STOCK10258
STOCK10259,STOCK10259
STOCK10260,STOCK10260
STOCK10261,STOCK10261
STOCK10262,STOCK10262
STOCK10263,STOCK10263
STOCK10264,STOCK10264
STOCK10265,STOCK10265
STOCK10266,STOCK10266
STOCK10267,STOCK10267
STOCK10268,STOCK10268
STOCK10269,STOCK10269
STOCK10270,STOCK10270
STOCK10271,STOCK10271
STOCK10272,STOCK10272
STOCK10273,STOCK10273
STOCK10274,STOCK10274
STOCK10275,STOCK10275
STOCK10276,STOCK10276
STOCK10277,STOCK10277
STOCK10278,STOCK10278
STOCK10279,STOCK10279
STOCK10280,STOCK10280
STOCK10281,STOCK10281
STOCK10282,STOCK10282
STOCK10283,STOCK10283
STOCK10284,STOCK10284
STOCK10285,STOCK10285
STOCK10286,STOCK10286
STOCK10287,STOCK10287
STOCK10288,STOCK10288
STOCK10289,STOCK10289
STOCK10290,STOCK10290
STOCK10291,STOCK10291
STOCK10292,STOCK10292
STOCK10293,STOCK10293
STOCK10294,STOCK10294
STOCK10295,STOCK10295
STOCK10296,STOCK10296
STOCK10297,STOCK10297
STOCK10298,STOCK10298
STOCK10299,STOCK10299
STOCK10300,STOCK10300
STOCK10301,STOCK10301
STOCK10302,STOCK10302
STOCK10303,STOCK10303
STOCK10304,STOCK10304
STOCK10305,STOCK10305
STOCK10306,STOCK10306
STOCK10307,STOCK10307
STOCK10308,STOCK10308
STOCK10309,STOCK10309
STOCK10310,STOCK10310
STOCK10311,STOCK10311
STOCK10312,STOCK10312
STOCK10313,STOCK10313
STOCK10314,STOCK10314
STOCK10315,STOCK10315
STOCK10316,STOCK10316
STOCK10317,STOCK10317
STOCK10318,STOCK10318
STOCK10319,STOCK10319
STOCK10320,STOCK10320
STOCK10321,STOCK10321
STOCK10322,STOCK10322
STOCK10323,STOCK10323
STOCK10324,STOCK10324
STOCK10325,STOCK10325
STOCK10326,STOCK10326
STOCK10327,STOCK10327
STOCK10328,STOCK10328
STOCK10329,STOCK10329
STOCK10330,STOCK10330
STOCK10331,STOCK10331
STOCK10332,STOCK10332
STOCK10333,STOCK10333
STOCK10334,STOCK10334
STOCK10335,STOCK10335
STOCK10336,STOCK10336
STOCK10337,STOCK10337
STOCK10338,STOCK10338
STOCK10339,STOCK10339
STOCK10340,STOCK10340
STOCK10341,STOCK10341
STOCK10342,STOCK10342
STOCK10343,STOCK10343
STOCK10344,STOCK10344
STOCK10345,STOCK10345
STOCK10346,STOCK10346
STOCK10347,STOCK10347
STOCK10348,STOCK10348
STOCK10349,STOCK10349
STOCK10350,STOCK10350
STOCK10351,STOCK10351
STOCK10352,STOCK10352
STOCK10353,STOCK10353
STOCK10354,STOCK10354
STOCK10355,STOCK10355
STOCK10356,STOCK10356
STOCK10357,STOCK10357
STOCK10358,STOCK10358
STOCK10359,STOCK10359
STOCK10360,STOCK10360
STOCK10361,STOCK10361
STOCK10362,STOCK10362
STOCK10363,STOCK10363
STOCK10364,STOCK10364
STOCK10365,STOCK10365
STOCK10366,STOCK10366
STOCK10367,STOCK10367
STOCK10368,STOCK10368
STOCK10369,STOCK10369
STOCK10370,STOCK10370
STOCK10371,STOCK10371
STOCK10372,STOCK10372
STOCK10373,STOCK10373
STOCK10374,STOCK10374
STOCK10375,STOCK10375
STOCK10376,STOCK10376
STOCK10377,STOCK10377
STOCK10378,STOCK10378
STOCK10379,STOCK10379
STOCK10380,STOCK10380
STOCK10381,STOCK10381
STOCK10382,STOCK10382
STOCK10383,STOCK10383
STOCK10384,STOCK10384
STOCK10385,STOCK10385
STOCK10386,STOCK10386
STOCK10387,STOCK10387
STOCK10388,STOCK10388
STOCK10389,STOCK10389
STOCK10390,STOCK10390
STOCK10391,STOCK10391
STOCK10392,STOCK10392
STOCK10393,STOCK10393
STOCK10394,STOCK10394
STOCK10395,STOCK10395
STOCK10396,STOCK10396
STOCK10397,STOCK10397
STOCK10398,STOCK10398
STOCK10399,STOCK10399
STOCK10400,STOCK10400
STOCK10401,STOCK10401
STOCK10402,STOCK10402
STOCK10403,STOCK10403
STOCK10404,STOCK10404
STOCK10405,STOCK10405
STOCK10406,STOCK10406
STOCK10407,STOCK10407
STOCK10408,STOCK10408
STOCK10409,STOCK10409
STOCK10410,STOCK10410
STOCK10411,STOCK10411
STOCK10412,STOCK10412
STOCK10413,STOCK10413
STOCK10414,STOCK10414
STOCK10415,STOCK10415
STOCK10416,STOCK10416
STOCK10417,STOCK10417
STOCK10418,STOCK10418
STOCK10419,STOCK10419
STOCK10420,STOCK10420
STOCK10421,STOCK10421
STOCK10422,STOCK10422
STOCK10423,STOCK10423
STOCK10424,STOCK10424
STOCK10425,STOCK10425
STOCK10426,STOCK10426
STOCK10427,STOCK10427
STOCK10428,STOCK10428
STOCK10429,STOCK10429
STOCK10430,STOCK10430
STOCK10431,STOCK10431
STOCK10432,STOCK10432
STOCK10433,STOCK10433
STOCK10434,STOCK10434
STOCK10435,STOCK10435
STOCK10436,STOCK10436
STOCK10437,STOCK10437
STOCK10438,STOCK10438
STOCK10439,STOCK10439
STOCK10440,STOCK10440
STOCK10441,STOCK10441
STOCK10442,STOCK10442
STOCK10443,STOCK10443
STOCK10444,STOCK10444
STOCK10445,STOCK10445
STOCK10446,STOCK10446
STOCK10447,STOCK10447
STOCK10448,STOCK10448
STOCK10449,STOCK10449
STOCK10450,STOCK10450
STOCK10451,STOCK10451
STOCK10452,STOCK10452
STOCK10453,STOCK10453
STOCK10454,STOCK10454
STOCK10455,STOCK10455
STOCK10456,STOCK10456
STOCK10457,STOCK10457
STOCK10458,STOCK10458
STOCK10459,STOCK10459
STOCK10460,STOCK10460
STOCK10461,STOCK10461
STOCK10462,STOCK10462
STOCK10463,STOCK10463
STOCK10464,STOCK10464
STOCK10465,STOCK10465
STOCK10466,STOCK10466
STOCK10467,STOCK10467
STOCK10468,STOCK10468
STOCK10469,STOCK10469
STOCK10470,STOCK10470
STOCK10471,STOCK10471
STOCK10472,STOCK10472
STOCK10473,STOCK10473
STOCK10474,STOCK10474
STOCK10475,STOCK10475
STOCK10476,STOCK10476
STOCK10477,STOCK10477
STOCK10478,STOCK10478
STOCK10479,STOCK10479
STOCK10480,STOCK10480
STOCK10481,STOCK10481
STOCK10482,STOCK10482
STOCK10483,STOCK10483
STOCK10484,STOCK10484
STOCK10485,STOCK10485
STOCK10486,STOCK10486
STOCK10487,STOCK10487
STOCK10488,STOCK10488
STOCK10489,STOCK10489
STOCK10490,STOCK10490
STOCK10491,STOCK10491
STOCK10492,STOCK10492
STOCK10493,STOCK10493
STOCK10494,STOCK10494
STOCK10495,STOCK10495
STOCK10496,STOCK10496
STOCK10497,STOCK10497
STOCK10498,STOCK10498
STOCK10499,STOCK10499
STOCK10500,STOCK10500
STOCK10501,STOCK10501
STOCK10502,STOCK10502
STOCK10503,STOCK10503
STOCK10504,STOCK10504
STOCK10505,STOCK10505
STOCK10506,STOCK10506
STOCK10507,STOCK10507
STOCK10508,STOCK10508
STOCK10509,STOCK10509
STOCK10510,STOCK10510
STOCK10511,STOCK10511
STOCK10512,STOCK10512
STOCK10513,STOCK10513
STOCK10514,STOCK10514
STOCK10515,STOCK10515
STOCK10516,STOCK10516
STOCK10517,STOCK10517
STOCK10518,STOCK10518
STOCK10519,STOCK10519
STOCK10520,STOCK10520
STOCK10521,STOCK10521
STOCK10522,STOCK10522
STOCK10523,STOCK10523
STOCK10524,STOCK10524
STOCK10525,STOCK10525
STOCK10526,STOCK10526
STOCK10527,STOCK10527
STOCK10528,STOCK10528
STOCK10529,STOCK10529
STOCK10530,STOCK10530
STOCK10531,STOCK10531
STOCK10532,STOCK10532
STOCK10533,STOCK10533
STOCK10534,STOCK10534
STOCK10535,STOCK10535
STOCK10536,STOCK10536
STOCK10537,STOCK10537
STOCK10538,STOCK10538
STOCK10539,STOCK10539
STOCK10540,STOCK10540
STOCK10541,STOCK10541
STOCK10542,STOCK10542
STOCK10543,STOCK10543
STOCK10544,STOCK10544
STOCK10545,STOCK10545
STOCK10546,STOCK10546
STOCK10547,STOCK10547
STOCK10548,STOCK10548
STOCK10549,STOCK10549
STOCK10550,STOCK10550
STOCK10551,STOCK10551
STOCK10552,STOCK10552
STOCK10553,STOCK10553
STOCK10554,STOCK10554
STOCK10555,STOCK10555
STOCK10556,STOCK10556
STOCK10557,STOCK10557
STOCK10558,STOCK10558
STOCK10559,STOCK10559
STOCK10560,STOCK10560
STOCK10561,STOCK10561
STOCK10562,STOCK10562
STOCK10563,STOCK10563
STOCK10564,STOCK10564
STOCK10565,STOCK10565
STOCK10566,STOCK10566
STOCK10567,STOCK10567
STOCK10568,STOCK10568
STOCK10569,STOCK10569
STOCK10570,STOCK10570
STOCK10571,STOCK10571
STOCK10572,STOCK10572
STOCK10573,STOCK10573
STOCK10574,STOCK10574
STOCK10575,STOCK10575
STOCK10576,STOCK10576
STOCK10577,STOCK10577
STOCK10578,STOCK10578
STOCK10579,STOCK10579
STOCK10580,STOCK10580
STOCK10581,STOCK10581
STOCK10582,STOCK10582
STOCK10583,STOCK10583
STOCK10584,STOCK10584
STOCK10585,STOCK10585
STOCK10586,STOCK10586
STOCK10587,STOCK10587
STOCK10588,STOCK10588
STOCK10589,STOCK10589
STOCK10590,STOCK10590
STOCK10591,STOCK10591
STOCK10592,STOCK10592
STOCK10593,STOCK10593
STOCK10594,STOCK10594
STOCK10595,STOCK10595
STOCK10596,STOCK10596
STOCK10597,STOCK10597
STOCK10598,STOCK10598
STOCK10599,STOCK10599
STOCK10600,STOCK10600
STOCK10601,STOCK10601
STOCK10602,STOCK10602
STOCK10603,STOCK10603
STOCK10604,STOCK10604
STOCK10605,STOCK10605
STOCK10606,STOCK10606
STOCK10607,STOCK10607
STOCK10608,STOCK10608
STOCK10609,STOCK10609
STOCK10610,STOCK10610
STOCK10611,STOCK10611
STOCK10612,STOCK10612
STOCK10613,STOCK10613
STOCK10614,STOCK10614
STOCK10615,STOCK10615
STOCK10616,STOCK10616
STOCK10617,STOCK10617
STOCK10618,STOCK10618
STOCK10619,STOCK10619
STOCK10620,STOCK10620
STOCK10621,STOCK10621
STOCK10622,STOCK10622
STOCK10623,STOCK10623
STOCK10624,STOCK10624
STOCK10625,STOCK10625
STOCK10626,STOCK10626
STOCK10627,STOCK10627
STOCK10628,STOCK10628
STOCK10629,STOCK10629
STOCK10630,STOCK10630
STOCK10631,STOCK10631
STOCK10632,STOCK10632
STOCK10633,STOCK10633
STOCK10634,STOCK10634
STOCK10635,STOCK10635
STOCK10636,STOCK10636
STOCK10637,STOCK10637
STOCK10638,STOCK10638
STOCK10639,STOCK10639
STOCK10640,STOCK10640
STOCK10641,STOCK10641
STOCK10642,STOCK10642
STOCK10643,STOCK10643
STOCK10644,STOCK10644
STOCK10645,STOCK10645
STOCK10646,STOCK10646
STOCK10647,STOCK10647
STOCK10648,STOCK10648
STOCK10649,STOCK10649
STOCK10650,STOCK10650
STOCK10651,STOCK10651
STOCK10652,STOCK10652
STOCK10653,STOCK10653
STOCK10654,STOCK10654
STOCK10655,STOCK10655
STOCK10656,STOCK10656
STOCK10657,STOCK10657
STOCK10658,STOCK10658
STOCK10659,STOCK10659
STOCK10660,STOCK10660
STOCK10661,STOCK10661
STOCK10662,STOCK10662
STOCK10663,STOCK10663
STOCK10664,STOCK10664
STOCK10665,STOCK10665
STOCK10666,STOCK10666
STOCK10667,STOCK10667
STOCK10668,STOCK10668
STOCK10669,STOCK10669
STOCK10670,STOCK10670
STOCK10671,STOCK10671
STOCK10672,STOCK10672
STOCK10673,STOCK10673
STOCK10674,STOCK10674
STOCK10675,STOCK10675
STOCK10676,STOCK10676
STOCK10677,STOCK10677
STOCK10678,STOCK10678
STOCK10679,STOCK10679
STOCK10680,STOCK10680
STOCK10681,STOCK10681
STOCK10682,STOCK10682
STOCK10683,STOCK10683
STOCK10684,STOCK10684
STOCK10685,STOCK10685
STOCK10686,STOCK10686
STOCK10687,STOCK10687
STOCK10688,STOCK10688
STOCK10689,STOCK10689
STOCK10690,STOCK10690
STOCK10691,STOCK10691
STOCK10692,STOCK10692
STOCK10693,STOCK10693
STOCK10694,STOCK10694
STOCK10695,STOCK10695
STOCK10696,STOCK10696
STOCK10697,STOCK10697
STOCK10698,STOCK10698
STOCK10699,STOCK10699
STOCK10700,STOCK10700
STOCK10701,STOCK10701
STOCK10702,STOCK10702
STOCK10703,STOCK10703
STOCK10704,STOCK10704
STOCK10705,STOCK10705
STOCK10706,STOCK10706
STOCK10707,STOCK10707
STOCK10708,STOCK10708
STOCK10709,STOCK10709
STOCK10710,STOCK10710
STOCK10711,STOCK10711
STOCK10712,STOCK10712
STOCK10713,STOCK10713
STOCK10714,STOCK10714
STOCK10715,STOCK10715
STOCK10716,STOCK10716
STOCK10717,STOCK10717
STOCK10718,STOCK10718
STOCK10719,STOCK10719
STOCK10720,STOCK10720
STOCK10721,STOCK10721
STOCK10722,STOCK10722
STOCK10723,STOCK10723
STOCK10724,STOCK10724
STOCK10725,STOCK10725
STOCK10726,STOCK10726
STOCK10727,STOCK10727
STOCK10728,STOCK10728
STOCK10729,STOCK10729
STOCK10730,STOCK10730
STOCK10731,STOCK10731
STOCK10732,STOCK10732
STOCK10733,STOCK10733
STOCK10734,STOCK10734
STOCK10735,STOCK10735
STOCK10736,STOCK10736
STOCK10737,STOCK10737
STOCK10738,STOCK10738
STOCK10739,STOCK10739
STOCK10740,STOCK10740
STOCK10741,STOCK10741
STOCK10742,STOCK10742
STOCK10743,STOCK10743
STOCK10744,STOCK10744
STOCK10745,STOCK10745
STOCK10746,STOCK10746
STOCK10747,STOCK10747
STOCK10748,STOCK10748
STOCK10749,STOCK10749
STOCK10750,STOCK10750
STOCK10751,STOCK10751
STOCK10752,STOCK10752
STOCK10753,STOCK10753
STOCK10754,STOCK10754
STOCK10755,STOCK10755
STOCK10756,STOCK10756
STOCK10757,STOCK10757
STOCK10758,STOCK10758
STOCK10759,STOCK10759
STOCK10760,STOCK10760
STOCK10761,STOCK10761
STOCK10762,STOCK10762
STOCK10763,STOCK10763
STOCK10764,STOCK10764
STOCK10765,STOCK10765
STOCK10766,STOCK10766
STOCK10767,STOCK10767
STOCK10768,STOCK10768
STOCK10769,STOCK10769
STOCK10770,STOCK10770
STOCK10771,STOCK10771
STOCK10772,STOCK10772
STOCK10773,STOCK10773
STOCK10774,STOCK10774
STOCK10775,STOCK10775
STOCK10776,STOCK10776
STOCK10777,STOCK10777
STOCK10778,STOCK10778
STOCK10779,STOCK10779
STOCK10780,STOCK10780
STOCK10781,STOCK10781
STOCK10782,STOCK10782
STOCK10783,STOCK10783
STOCK10784,STOCK10784
STOCK10785,STOCK10785
STOCK10786,STOCK10786
STOCK10787,STOCK10787
STOCK10788,STOCK10788
STOCK10789,STOCK10789
STOCK10790,STOCK10790
STOCK10791,STOCK10791
STOCK10792,STOCK10792
STOCK10793,STOCK10793
STOCK10794,STOCK10794
STOCK10795,STOCK10795
STOCK10796,STOCK10796
STOCK10797,STOCK10797
STOCK10798,STOCK10798
STOCK10799,STOCK10799
STOCK10800,STOCK10800
STOCK10801,STOCK10801
STOCK10802,STOCK10802
STOCK10803,STOCK10803
STOCK10804,STOCK10804
STOCK10805,STOCK10805
STOCK10806,STOCK10806
STOCK10807,STOCK10807
STOCK10808,STOCK10808
STOCK10809,STOCK10809
STOCK10810,STOCK10810
STOCK10811,STOCK10811
STOCK10812,STOCK10812
STOCK10813,STOCK10813
STOCK10814,STOCK10814
STOCK10815,STOCK10815
STOCK10816,STOCK10816
STOCK10817,STOCK10817
STOCK10818,STOCK10818
STOCK10819,STOCK10819
STOCK10820,STOCK10820
STOCK10821,STOCK10821
STOCK10822,STOCK10822
STOCK10823,STOCK10823
STOCK10824,STOCK10824
STOCK10825,STOCK10825
STOCK10826,STOCK10826
STOCK10827,STOCK10827
STOCK10828,STOCK10828
STOCK10829,STOCK10829
STOCK10830,STOCK10830
STOCK10831,STOCK10831
STOCK10832,STOCK10832
STOCK10833,STOCK10833
STOCK10834,STOCK10834
STOCK10835,STOCK10835
STOCK10836,STOCK10836
STOCK10837,STOCK10837
STOCK10838,STOCK10838
STOCK10839,STOCK10839
STOCK10840,STOCK10840
STOCK10841,STOCK10841
STOCK10842,STOCK10842
STOCK10843,STOCK10843
STOCK10844,STOCK10844
STOCK10845,STOCK10845
STOCK10846,STOCK10846
STOCK10847,STOCK10847
STOCK10848,STOCK10848
STOCK10849,STOCK10849
STOCK10850,STOCK10850
STOCK10851,STOCK10851
STOCK10852,STOCK10852
STOCK10853,STOCK10853
STOCK10854,STOCK10854
STOCK10855,STOCK10855
STOCK10856,STOCK10856
STOCK10857,STOCK10857
STOCK10858,STOCK10858
STOCK10859,STOCK10859
STOCK10860,STOCK10860
STOCK10861,STOCK10861
STOCK10862,STOCK10862
STOCK10863,STOCK10863
STOCK10864,STOCK10864
STOCK10865,STOCK10865
STOCK10866,STOCK10866
STOCK10867,STOCK10867
STOCK10868,STOCK10868
STOCK10869,STOCK10869
STOCK10870,STOCK10870
STOCK10871,STOCK10871
STOCK10872,STOCK10872
STOCK10873,STOCK10873
STOCK10874,STOCK10874
STOCK10875,STOCK10875
STOCK10876,STOCK10876
STOCK10877,STOCK10877
STOCK10878,STOCK10878
STOCK10879,STOCK10879
STOCK10880,STOCK10880
STOCK10881,STOCK10881
STOCK10882,STOCK10882
STOCK10883,STOCK10883
STOCK10884,STOCK10884
STOCK10885,STOCK10885
STOCK10886,STOCK10886
STOCK10887,STOCK10887
STOCK10888,STOCK10888
STOCK10889,STOCK10889
STOCK10890,STOCK10890
STOCK10891,STOCK10891
STOCK10892,STOCK10892
STOCK10893,STOCK10893
STOCK10894,STOCK10894
STOCK10895,STOCK10895
STOCK10896,STOCK10896
STOCK10897,STOCK10897
STOCK10898,STOCK10898
STOCK10899,STOCK10899
STOCK10900,STOCK10900
STOCK10901,STOCK10901
STOCK10902,STOCK10902
STOCK10903,STOCK10903
STOCK10904,STOCK10904
STOCK10905,STOCK10905
STOCK10906,STOCK10906
STOCK10907,STOCK10907
STOCK10908,STOCK10908
STOCK10909,STOCK10909
STOCK10910,STOCK10910
STOCK10911,STOCK10911
STOCK10912,STOCK10912
STOCK10913,STOCK10913
STOCK10914,STOCK10914
STOCK10915,STOCK10915
STOCK10916,STOCK10916
STOCK10917,STOCK10917
STOCK10918,STOCK10918
STOCK10919,STOCK10919
STOCK10920,STOCK10920
STOCK10921,STOCK10921
STOCK10922,STOCK10922
STOCK10923,STOCK10923
STOCK10924,STOCK10924
STOCK10925,STOCK10925
STOCK10926,STOCK10926
STOCK10927,STOCK10927
STOCK10928,STOCK10928
STOCK10929,STOCK10929
STOCK10930,STOCK10930
STOCK10931,STOCK10931
STOCK10932,STOCK10932
STOCK10933,STOCK10933
STOCK10934,STOCK10934
STOCK10935,STOCK10935
STOCK10936,STOCK10936
STOCK10937,STOCK10937
STOCK10938,STOCK10938
STOCK10939,STOCK10939
STOCK10940,STOCK10940
STOCK10941,STOCK10941
STOCK10942,STOCK10942
STOCK10943,STOCK10943
STOCK10944,STOCK10944
STOCK10945,STOCK10945
STOCK10946,STOCK10946
STOCK10947,STOCK10947
STOCK10948,STOCK10948
STOCK10949,STOCK10949
STOCK10950,STOCK10950
STOCK10951,STOCK10951
STOCK10952,STOCK10952
STOCK10953,STOCK10953
STOCK10954,STOCK10954
STOCK10955,STOCK10955
STOCK10956,STOCK10956
STOCK10957,STOCK10957
STOCK10958,STOCK10958
STOCK10959,STOCK10959
STOCK10960,STOCK10960
STOCK10961,STOCK10961
STOCK10962,STOCK10962
STOCK10963,STOCK10963
STOCK10964,STOCK10964
STOCK10965,STOCK10965
STOCK10966,STOCK10966
STOCK10967,STOCK10967
STOCK10968,STOCK10968
STOCK10969,STOCK10969
STOCK10970,STOCK10970
STOCK10971,STOCK10971
STOCK10972,STOCK10972
STOCK10973,STOCK10973
STOCK10974,STOCK10974
STOCK10975,STOCK10975
STOCK10976,STOCK10976
STOCK10977,STOCK10977
STOCK10978,STOCK10978
STOCK10979,STOCK10979
STOCK10980,STOCK10980
STOCK10981,STOCK10981
STOCK10982,STOCK10982
STOCK10983,STOCK10983
STOCK10984,STOCK10984
STOCK10985,STOCK10985
STOCK10986,STOCK10986
STOCK10987,STOCK10987
STOCK10988,STOCK10988
STOCK10989,STOCK10989
STOCK10990,STOCK10990
STOCK10991,STOCK10991
STOCK10992,STOCK10992
STOCK10993,STOCK10993
STOCK10994,STOCK10994
STOCK10995,STOCK10995
STOCK10996,STOCK10996
STOCK10997,STOCK10997
STOCK10998,STOCK10998
STOCK10999,STOCK10999
STOCK11000,STOCK11000
STOCK11001,STOCK11001
STOCK11002,STOCK11002
STOCK11003,STOCK11003
STOCK11004,STOCK11004
STOCK11005,STOCK11005
STOCK11006,STOCK11006
STOCK11007,STOCK11007
STOCK11008,STOCK11008
STOCK11009,STOCK11009
STOCK11010,STOCK11010
STOCK11011,STOCK11011
STOCK11012,STOCK11012
STOCK11013,STOCK11013
STOCK11014,STOCK11014
STOCK11015,STOCK11015
STOCK11016,STOCK11016
STOCK11017,STOCK11017
STOCK11018,STOCK11018
STOCK11019,STOCK11019
STOCK11020,STOCK11020
STOCK11021,STOCK11021
STOCK11022,STOCK11022
STOCK11023,STOCK11023
STOCK11024,STOCK11024
STOCK11025,STOCK11025
STOCK11026,STOCK11026
STOCK11027,STOCK11027
STOCK11028,STOCK11028
STOCK11029,STOCK11029
STOCK11030,STOCK11030
STOCK11031,STOCK11031
STOCK11032,STOCK11032
STOCK11033,STOCK11033
STOCK11034,STOCK11034
STOCK11035,STOCK11035
STOCK11036,STOCK11036
STOCK11037,STOCK11037
STOCK11038,STOCK11038
STOCK11039,STOCK11039
STOCK11040,STOCK11040
STOCK11041,STOCK11041
STOCK11042,STOCK11042
STOCK11043,STOCK11043
STOCK11044,STOCK11044
STOCK11045,STOCK11045
STOCK11046,STOCK11046
STOCK11047,STOCK11047
STOCK11048,STOCK11048
STOCK11049,STOCK11049
STOCK11050,STOCK11050
STOCK11051,STOCK11051
STOCK11052,STOCK11052
STOCK11053,STOCK11053
STOCK11054,STOCK11054
STOCK11055,STOCK11055
STOCK11056,STOCK11056
STOCK11057,STOCK11057
STOCK11058,STOCK11058
STOCK11059,STOCK11059
STOCK11060,STOCK11060
STOCK11061,STOCK11061
STOCK11062,STOCK11062
STOCK11063,STOCK11063
STOCK11064,STOCK11064
STOCK11065,STOCK11065
STOCK11066,STOCK11066
STOCK11067,STOCK11067
STOCK11068,STOCK11068
STOCK11069,STOCK11069
STOCK11070,STOCK11070
STOCK11071,STOCK11071
STOCK11072,STOCK11072
STOCK11073,STOCK11073
STOCK11074,STOCK11074
STOCK11075,STOCK11075
STOCK11076,STOCK11076
STOCK11077,STOCK11077
STOCK11078,STOCK11078
STOCK11079,STOCK11079
STOCK11080,STOCK11080
STOCK11081,STOCK11081
STOCK11082,STOCK11082
STOCK11083,STOCK11083
STOCK11084,STOCK11084
STOCK11085,STOCK11085
STOCK11086,STOCK11086
STOCK11087,STOCK11087
STOCK11088,STOCK11088
STOCK11089,STOCK11089
STOCK11090,STOCK11090
STOCK11091,STOCK11091
STOCK11092,STOCK11092
STOCK11093,STOCK11093
STOCK11094,STOCK11094
STOCK11095,STOCK11095
STOCK11096,STOCK11096
STOCK11097,STOCK11097
STOCK11098,STOCK11098
STOCK11099,STOCK11099
STOCK11100,STOCK11100
STOCK11101,STOCK11101
STOCK11102,STOCK11102
STOCK11103,STOCK11103
STOCK11104,STOCK11104
STOCK11105,STOCK11105
STOCK11106,STOCK11106
STOCK11107,STOCK11107
STOCK11108,STOCK11108
STOCK11109,STOCK11109
STOCK11110,STOCK11110
STOCK11111,STOCK11111
STOCK11112,STOCK11112
STOCK11113,STOCK11113
STOCK11114,STOCK11114
STOCK11115,STOCK11115
STOCK11116,STOCK11116
STOCK11117,STOCK11117
STOCK11118,STOCK11118
STOCK11119,STOCK11119
STOCK11120,STOCK11120
STOCK11121,STOCK11121
STOCK11122,STOCK11122
STOCK11123,STOCK11123
STOCK11124,STOCK11124
STOCK11125,STOCK11125
STOCK11126,STOCK11126
STOCK11127,STOCK11127
STOCK11128,STOCK11128
STOCK11129,STOCK11129
STOCK11130,STOCK11130
STOCK11131,STOCK11131
STOCK11132,STOCK11132
STOCK11133,STOCK11133
STOCK11134,STOCK11134
STOCK11135,STOCK11135
STOCK11136,STOCK11136
STOCK11137,STOCK11137
STOCK11138,STOCK11138
STOCK11139,STOCK11139
STOCK11140,STOCK11140
STOCK11141,STOCK11141
STOCK11142,STOCK11142
STOCK11143,STOCK11143
STOCK11144,STOCK11144
STOCK11145,STOCK11145
STOCK11146,STOCK11146
STOCK11147,STOCK11147
STOCK11148,STOCK11148
STOCK11149,STOCK11149
STOCK11150,STOCK11150
STOCK11151,STOCK11151
STOCK11152,STOCK11152
STOCK11153,STOCK11153
STOCK11154,STOCK11154
STOCK11155,STOCK11155
STOCK11156,STOCK11156
STOCK11157,STOCK11157
STOCK11158,STOCK11158
STOCK11159,STOCK11159
STOCK11160,STOCK11160
STOCK11161,STOCK11161
STOCK11162,STOCK11162
STOCK11163,STOCK11163
STOCK11164,STOCK11164
STOCK11165,STOCK11165
STOCK11166,STOCK11166
STOCK11167,STOCK11167
STOCK11168,STOCK11168
STOCK11169,STOCK11169
STOCK11170,STOCK11170
STOCK11171,STOCK11171
STOCK11172,STOCK11172
STOCK11173,STOCK11173
STOCK11174,STOCK11174
STOCK11175,STOCK11175
STOCK11176,STOCK11176
STOCK11177,STOCK11177
STOCK11178,STOCK11178
STOCK11179,STOCK11179
STOCK11180,STOCK11180
STOCK11181,STOCK11181
STOCK11182,STOCK11182
STOCK11183,STOCK11183
STOCK11184,STOCK11184
STOCK11185,STOCK11185
STOCK11186,STOCK11186
STOCK11187,STOCK11187
STOCK11188,STOCK11188
STOCK11189,STOCK11189
STOCK11190,STOCK11190
STOCK11191,STOCK11191
STOCK11192,STOCK11192
STOCK11193,STOCK11193
STOCK11194,STOCK11194
STOCK11195,STOCK11195
STOCK11196,STOCK11196
STOCK11197,STOCK11197
STOCK11198,STOCK11198
STOCK11199,STOCK11199
STOCK11200,STOCK11200
STOCK11201,STOCK11201
STOCK11202,STOCK11202
STOCK11203,STOCK11203
STOCK11204,STOCK11204
STOCK11205,STOCK11205
STOCK11206,STOCK11206
STOCK11207,STOCK11207
STOCK11208,STOCK11208
STOCK11209,STOCK11209
STOCK11210,STOCK11210
STOCK11211,STOCK11211
STOCK11212,STOCK11212
STOCK11213,STOCK11213
STOCK11214,STOCK11214
STOCK11215,STOCK11215
STOCK11216,STOCK11216
STOCK11217,STOCK11217
STOCK11218,STOCK11218
STOCK11219,STOCK11219
STOCK11220,STOCK11220
STOCK11221,STOCK11221
STOCK11222,STOCK11222
STOCK11223,STOCK11223
STOCK11224,STOCK11224
STOCK11225,STOCK11225
STOCK11226,STOCK11226
STOCK11227,STOCK11227
STOCK11228,STOCK11228
STOCK11229,STOCK11229
STOCK11230,STOCK11230
STOCK11231,STOCK11231
STOCK11232,STOCK11232
STOCK11233,STOCK11233
STOCK11234,STOCK11234
STOCK11235,STOCK11235
STOCK11236,STOCK11236
STOCK11237,STOCK11237
STOCK11238,STOCK11238
STOCK11239,STOCK11239
STOCK11240,STOCK11240
STOCK11241,STOCK11241
STOCK11242,STOCK11242
STOCK11243,STOCK11243
STOCK11244,STOCK11244
STOCK11245,STOCK11245
STOCK11246,STOCK11246
STOCK11247,STOCK11247
STOCK11248,STOCK11248
STOCK11249,STOCK11249
STOCK11250,STOCK11250
STOCK11251,STOCK11251
STOCK11252,STOCK11252
STOCK11253,STOCK11253
STOCK11254,STOCK11254
STOCK11255,STOCK11255
STOCK11256,STOCK11256
STOCK11257,STOCK11257
STOCK11258,STOCK11258
STOCK11259,STOCK11259
STOCK11260,STOCK11260
STOCK11261,STOCK11261
STOCK11262,STOCK11262
STOCK11263,STOCK11263
STOCK11264,STOCK11264
STOCK11265,STOCK11265
STOCK11266,STOCK11266
STOCK11267,STOCK11267
STOCK11268,STOCK11268
STOCK11269,STOCK11269
STOCK11270,STOCK11270
STOCK11271,STOCK11271
STOCK11272,STOCK11272
STOCK11273,STOCK11273
STOCK11274,STOCK11274
STOCK11275,STOCK11275
STOCK11276,STOCK11276
STOCK11277,STOCK11277
STOCK11278,STOCK11278
STOCK11279,STOCK11279
STOCK11280,STOCK11280
STOCK11281,STOCK11281
STOCK11282,STOCK11282
STOCK11283,STOCK11283
STOCK11284,STOCK11284
STOCK11285,STOCK11285
STOCK11286,STOCK11286
STOCK11287,STOCK11287
STOCK11288,STOCK11288
STOCK11289,STOCK11289
STOCK11290,STOCK11290
STOCK11291,STOCK11291
STOCK11292,STOCK11292
STOCK11293,STOCK11293
STOCK11294,STOCK11294
STOCK11295,STOCK11295
STOCK11296,STOCK11296
STOCK11297,STOCK11297
STOCK11298,STOCK11298
STOCK11299,STOCK11299
STOCK11300,STOCK11300
STOCK11301,STOCK11301
STOCK11302,STOCK11302
STOCK11303,STOCK11303
STOCK11304,STOCK11304
STOCK11305,STOCK11305
STOCK11306,STOCK11306
STOCK11307,STOCK11307
STOCK11308,STOCK11308
STOCK11309,STOCK11309
STOCK11310,STOCK11310
STOCK11311,STOCK11311
STOCK11312,STOCK11312
STOCK11313,STOCK11313
STOCK11314,STOCK11314
STOCK11315,STOCK11315
STOCK11316,STOCK11316
STOCK11317,STOCK11317
STOCK11318,STOCK11318
STOCK11319,STOCK11319
STOCK11320,STOCK11320
STOCK11321,STOCK11321
STOCK11322,STOCK11322
STOCK11323,STOCK11323
STOCK11324,STOCK11324
STOCK11325,STOCK11325
STOCK11326,STOCK11326
STOCK11327,STOCK11327
STOCK11328,STOCK11328
STOCK11329,STOCK11329
STOCK11330,STOCK11330
STOCK11331,STOCK11331
STOCK11332,STOCK11332
STOCK11333,STOCK11333
STOCK11334,STOCK11334
STOCK11335,STOCK11335
STOCK11336,STOCK11336
STOCK11337,STOCK11337
STOCK11338,STOCK11338
STOCK11339,STOCK11339
STOCK11340,STOCK11340
STOCK11341,STOCK11341
STOCK11342,STOCK11342
STOCK11343,STOCK11343
STOCK11344,STOCK11344
STOCK11345,STOCK11345
STOCK11346,STOCK11346
STOCK11347,STOCK11347
STOCK11348,STOCK11348
STOCK11349,STOCK11349
STOCK11350,STOCK11350
STOCK11351,STOCK11351
STOCK11352,STOCK11352
STOCK11353,STOCK11353
STOCK11354,STOCK11354
STOCK11355,STOCK11355
STOCK11356,STOCK11356
STOCK11357,STOCK11357
STOCK11358,STOCK11358
STOCK11359,STOCK11359
STOCK11360,STOCK11360
STOCK11361,STOCK11361
STOCK11362,STOCK11362
STOCK11363,STOCK11363
STOCK11364,STOCK11364
STOCK11365,STOCK11365
STOCK11366,STOCK11366
STOCK11367,STOCK11367
STOCK11368,STOCK11368
STOCK11369,STOCK11369
STOCK11370,STOCK11370
STOCK11371,STOCK11371
STOCK11372,STOCK11372
STOCK11373,STOCK11373
STOCK11374,STOCK11374
STOCK11375,STOCK11375
STOCK11376,STOCK11376
STOCK11377,STOCK11377
STOCK11378,STOCK11378
STOCK11379,STOCK11379
STOCK11380,STOCK11380
STOCK11381,STOCK11381
STOCK11382,STOCK11382
STOCK11383,STOCK11383
STOCK11384,STOCK11384
STOCK11385,STOCK11385
STOCK11386,STOCK11386
STOCK11387,STOCK11387
STOCK11388,STOCK11388
STOCK11389,STOCK11389
STOCK11390,STOCK11390
STOCK11391,STOCK11391
STOCK11392,STOCK11392
STOCK11393,STOCK11393
STOCK11394,STOCK11394
STOCK11395,STOCK11395
STOCK11396,STOCK11396
STOCK11397,STOCK11397
STOCK11398,STOCK11398
STOCK11399,STOCK11399
STOCK11400,STOCK11400
STOCK11401,STOCK11401
STOCK11402,STOCK11402
STOCK11403,STOCK11403
STOCK11404,STOCK11404
STOCK11405,STOCK11405
STOCK11406,STOCK11406
STOCK11407,STOCK11407
STOCK11408,STOCK11408
STOCK11409,STOCK11409
STOCK11410,STOCK11410
STOCK11411,STOCK11411
STOCK11412,STOCK11412
STOCK11413,STOCK11413
STOCK11414,STOCK11414
STOCK11415,STOCK11415
STOCK11416,STOCK11416
STOCK11417,STOCK11417
STOCK11418,STOCK11418
STOCK11419,STOCK11419
STOCK11420,STOCK11420
STOCK11421,STOCK11421
STOCK11422,STOCK11422
STOCK11423,STOCK11423
STOCK11424,STOCK11424
STOCK11425,STOCK11425
STOCK11426,STOCK11426
STOCK11427,STOCK11427
STOCK11428,STOCK11428
STOCK11429,STOCK11429
STOCK11430,STOCK11430
STOCK11431,STOCK11431
STOCK11432,STOCK11432
STOCK11433,STOCK11433
STOCK11434,STOCK11434
STOCK11435,STOCK11435
STOCK11436,STOCK11436
STOCK11437,STOCK11437
STOCK11438,STOCK11438
STOCK11439,STOCK11439
STOCK11440,STOCK11440
STOCK11441,STOCK11441
STOCK11442,STOCK11442
STOCK11443,STOCK11443
STOCK11444,STOCK11444
STOCK11445,STOCK11445
STOCK11446,STOCK11446
STOCK11447,STOCK11447
STOCK11448,STOCK11448
STOCK11449,STOCK11449
STOCK11450,STOCK11450
STOCK11451,STOCK11451
STOCK11452,STOCK11452
STOCK11453,STOCK11453
STOCK11454,STOCK11454
STOCK11455,STOCK11455
STOCK11456,STOCK11456
STOCK11457,STOCK11457
STOCK11458,STOCK11458
STOCK11459,STOCK11459
STOCK11460,STOCK11460
STOCK11461,STOCK11461
STOCK11462,STOCK11462
STOCK11463,STOCK11463
STOCK11464,STOCK11464
STOCK11465,STOCK11465
STOCK11466,STOCK11466
STOCK11467,STOCK11467
STOCK11468,STOCK11468
STOCK11469,STOCK11469
STOCK11470,STOCK11470
STOCK11471,STOCK11471
STOCK11472,STOCK11472
STOCK11473,STOCK11473
STOCK11474,STOCK11474
STOCK11475,STOCK11475
STOCK11476,STOCK11476
STOCK11477,STOCK11477
STOCK11478,STOCK11478
STOCK11479,STOCK11479
STOCK11480,STOCK11480
STOCK11481,STOCK11481
STOCK11482,STOCK11482
STOCK11483,STOCK11483
STOCK11484,STOCK11484
STOCK11485,STOCK11485
STOCK11486,STOCK11486
STOCK11487,STOCK11487
STOCK11488,STOCK11488
STOCK11489,STOCK11489
STOCK11490,STOCK11490
STOCK11491,STOCK11491
STOCK11492,STOCK11492
STOCK11493,STOCK11493
STOCK11494,STOCK11494
STOCK11495,STOCK11495
STOCK11496,STOCK11496
STOCK11497,STOCK11497
STOCK11498,STOCK11498
STOCK11499,STOCK11499
STOCK11500,STOCK11500
STOCK11501,STOCK11501
STOCK11502,STOCK11502
STOCK11503,STOCK11503
STOCK11504,STOCK11504
STOCK11505,STOCK11505
STOCK11506,STOCK11506
STOCK11507,STOCK11507
STOCK11508,STOCK11508
STOCK11509,STOCK11509
STOCK11510,STOCK11510
STOCK11511,STOCK11511
STOCK11512,STOCK11512
STOCK11513,STOCK11513
STOCK11514,STOCK11514
STOCK11515,STOCK11515
STOCK11516,STOCK11516
STOCK11517,STOCK11517
STOCK11518,STOCK11518
STOCK11519,STOCK11519
STOCK11520,STOCK11520
STOCK11521,STOCK11521
STOCK11522,STOCK11522
STOCK11523,STOCK11523
STOCK11524,STOCK11524
STOCK11525,STOCK11525
STOCK11526,STOCK11526
STOCK11527,STOCK11527
STOCK11528,STOCK11528
STOCK11529,STOCK11529
STOCK11530,STOCK11530
STOCK11531,STOCK11531
STOCK11532,STOCK11532
STOCK11533,STOCK11533
STOCK11534,STOCK11534
STOCK11535,STOCK11535
STOCK11536,STOCK11536
STOCK11537,STOCK11537
STOCK11538,STOCK11538
STOCK11539,STOCK11539
STOCK11540,STOCK11540
STOCK11541,STOCK11541
STOCK11542,STOCK11542
STOCK11543,STOCK11543
STOCK11544,STOCK11544
STOCK11545,STOCK11545
STOCK11546,STOCK11546
STOCK11547,STOCK11547
STOCK11548,STOCK11548
STOCK11549,STOCK11549
STOCK11550,STOCK11550
STOCK11551,STOCK11551
STOCK11552,STOCK11552
STOCK11553,STOCK11553
STOCK11554,STOCK11554
STOCK11555,STOCK11555
STOCK11556,STOCK11556
STOCK11557,STOCK11557
STOCK11558,STOCK11558
STOCK11559,STOCK11559
STOCK11560,STOCK11560
STOCK11561,STOCK11561
STOCK11562,STOCK11562
STOCK11563,STOCK11563
STOCK11564,STOCK11564
STOCK11565,STOCK11565
STOCK11566,STOCK11566
STOCK11567,STOCK11567
STOCK11568,STOCK11568
STOCK11569,STOCK11569
STOCK11570,STOCK11570
STOCK11571,STOCK11571
STOCK11572,STOCK11572
STOCK11573,STOCK11573
STOCK11574,STOCK11574
STOCK11575,STOCK11575
STOCK11576,STOCK11576
STOCK11577,STOCK11577
STOCK11578,STOCK11578
STOCK11579,STOCK11579
STOCK11580,STOCK11580
STOCK11581,STOCK11581
STOCK11582,STOCK11582
STOCK11583,STOCK11583
STOCK11584,STOCK11584
STOCK11585,STOCK11585
STOCK11586,STOCK11586
STOCK11587,STOCK11587
STOCK11588,STOCK11588
STOCK11589,STOCK11589
STOCK11590,STOCK11590
STOCK11591,STOCK11591
STOCK11592,STOCK11592
STOCK11593,STOCK11593
STOCK11594,STOCK11594
STOCK11595,STOCK11595
STOCK11596,STOCK11596
STOCK11597,STOCK11597
STOCK11598,STOCK11598
STOCK11599,STOCK11599
STOCK11600,STOCK11600
STOCK11601,STOCK11601
STOCK11602,STOCK11602
STOCK11603,STOCK11603
STOCK11604,STOCK11604
STOCK11605,STOCK11605
STOCK11606,STOCK11606
STOCK11607,STOCK11607
STOCK11608,STOCK11608
STOCK11609,STOCK11609
STOCK11610,STOCK11610
STOCK11611,STOCK11611
STOCK11612,STOCK11612
STOCK11613,STOCK11613
STOCK11614,STOCK11614
STOCK11615,STOCK11615
STOCK11616,STOCK11616
STOCK11617,STOCK11617
STOCK11618,STOCK11618
STOCK11619,STOCK11619
STOCK11620,STOCK11620
STOCK11621,STOCK11621
STOCK11622,STOCK11622
STOCK11623,STOCK11623
STOCK11624,STOCK11624
STOCK11625,STOCK11625
STOCK11626,STOCK11626
STOCK11627,STOCK11627
STOCK11628,STOCK11628
STOCK11629,STOCK11629
STOCK11630,STOCK11630
STOCK11631,STOCK11631
STOCK11632,STOCK11632
STOCK11633,STOCK11633
STOCK11634,STOCK11634
STOCK11635,STOCK11635
STOCK11636,STOCK11636
STOCK11637,STOCK11637
STOCK11638,STOCK11638
STOCK11639,STOCK11639
STOCK11640,STOCK11640
STOCK11641,STOCK11641
STOCK11642,STOCK11642
STOCK11643,STOCK11643
STOCK11644,STOCK11644
STOCK11645,STOCK11645
STOCK11646,STOCK11646
STOCK11647,STOCK11647
STOCK11648,STOCK11648
STOCK11649,STOCK11649
STOCK11650,STOCK11650
STOCK11651,STOCK11651
STOCK11652,STOCK11652
STOCK11653,STOCK11653
STOCK11654,STOCK11654
STOCK11655,STOCK11655
STOCK11656,STOCK11656
STOCK11657,STOCK11657
STOCK11658,STOCK11658
STOCK11659,STOCK11659
STOCK11660,STOCK11660
STOCK11661,STOCK11661
STOCK11662,STOCK11662
STOCK11663,STOCK11663
STOCK11664,STOCK11664
STOCK11665,STOCK11665
STOCK11666,STOCK11666
STOCK11667,STOCK11667
STOCK11668,STOCK11668
STOCK11669,STOCK11669
STOCK11670,STOCK11670
STOCK11671,STOCK11671
STOCK11672,STOCK11672
STOCK11673,STOCK11673
STOCK11674,STOCK11674
STOCK11675,STOCK11675
STOCK11676,STOCK11676
STOCK11677,STOCK11677
STOCK11678,STOCK11678
STOCK11679,STOCK11679
STOCK11680,STOCK11680
STOCK11681,STOCK11681
STOCK11682,STOCK11682
STOCK11683,STOCK11683
STOCK11684,STOCK11684
STOCK11685,STOCK11685
STOCK11686,STOCK11686
STOCK11687,STOCK11687
STOCK11688,STOCK11688
STOCK11689,STOCK11689
STOCK11690,STOCK11690
STOCK11691,STOCK11691
STOCK11692,STOCK11692
STOCK11693,STOCK11693
STOCK11694,STOCK11694
STOCK11695,STOCK11695
STOCK11696,STOCK11696
STOCK11697,STOCK11697
STOCK11698,STOCK11698
STOCK11699,STOCK11699
STOCK11700,STOCK11700
STOCK11701,STOCK11701
STOCK11702,STOCK11702
STOCK11703,STOCK11703
STOCK11704,STOCK11704
STOCK11705,STOCK11705
STOCK11706,STOCK11706
STOCK11707,STOCK11707
STOCK11708,STOCK11708
STOCK11709,STOCK11709
STOCK11710,STOCK11710
STOCK11711,STOCK11711
STOCK11712,STOCK11712
STOCK11713,STOCK11713
STOCK11714,STOCK11714
STOCK11715,STOCK11715
STOCK11716,STOCK11716
STOCK11717,STOCK11717
STOCK11718,STOCK11718
STOCK11719,STOCK11719
STOCK11720,STOCK11720
STOCK11721,STOCK11721
STOCK11722,STOCK11722
STOCK11723,STOCK11723
STOCK11724,STOCK11724
STOCK11725,STOCK11725
STOCK11726,STOCK11726
STOCK11727,STOCK11727
STOCK11728,STOCK11728
STOCK11729,STOCK11729
STOCK11730,STOCK11730
STOCK11731,STOCK11731
STOCK11732,STOCK11732
STOCK11733,STOCK11733
STOCK11734,STOCK11734
STOCK11735,STOCK11735
STOCK11736,STOCK11736
STOCK11737,STOCK11737
STOCK11738,STOCK11738
STOCK11739,STOCK11739
STOCK11740,STOCK11740
STOCK11741,STOCK11741
STOCK11742,STOCK11742
STOCK11743,STOCK11743
STOCK11744,STOCK11744
STOCK11745,STOCK11745
STOCK11746,STOCK11746
STOCK11747,STOCK11747
STOCK11748,STOCK11748
STOCK11749,STOCK11749
STOCK11750,STOCK11750
STOCK11751,STOCK11751
STOCK11752,STOCK11752
STOCK11753,STOCK11753
STOCK11754,STOCK11754
STOCK11755,STOCK11755
STOCK11756,STOCK11756
STOCK11757,STOCK11757
STOCK11758,STOCK11758
STOCK11759,STOCK11759
STOCK11760,STOCK11760
STOCK11761,STOCK11761
STOCK11762,STOCK11762
STOCK11763,STOCK11763
STOCK11764,STOCK11764
STOCK11765,STOCK11765
STOCK11766,STOCK11766
STOCK11767,STOCK11767
STOCK11768,STOCK11768
STOCK11769,STOCK11769
STOCK11770,STOCK11770
STOCK11771,STOCK11771
STOCK11772,STOCK11772
STOCK11773,STOCK11773
STOCK11774,STOCK11774
STOCK11775,STOCK11775
STOCK11776,STOCK11776
STOCK11777,STOCK11777
STOCK11778,STOCK11778
STOCK11779,STOCK11779
STOCK11780,STOCK11780
STOCK11781,STOCK11781
STOCK11782,STOCK11782
STOCK11783,STOCK11783
STOCK11784,STOCK11784
STOCK11785,STOCK11785
STOCK11786,STOCK11786
STOCK11787,STOCK11787
STOCK11788,STOCK11788
STOCK11789,STOCK11789
STOCK11790,STOCK11790
STOCK11791,STOCK11791
STOCK11792,STOCK11792
STOCK11793,STOCK11793
STOCK11794,STOCK11794
STOCK11795,STOCK11795
STOCK11796,STOCK11796
STOCK11797,STOCK11797
STOCK11798,STOCK11798
STOCK11799,STOCK11799
STOCK11800,STOCK11800
STOCK11801,STOCK11801
STOCK11802,STOCK11802
STOCK11803,STOCK11803
STOCK11804,STOCK11804
STOCK11805,STOCK11805
STOCK11806,STOCK11806
STOCK11807,STOCK11807
STOCK11808,STOCK11808
STOCK11809,STOCK11809
STOCK11810,STOCK11810
STOCK11811,STOCK11811
STOCK11812,STOCK11812
STOCK11813,STOCK11813
STOCK11814,STOCK11814
STOCK11815,STOCK11815
STOCK11816,STOCK11816
STOCK11817,STOCK11817
STOCK11818,STOCK11818
STOCK11819,STOCK11819
STOCK11820,STOCK11820
STOCK11821,STOCK11821
STOCK11822,STOCK11822
STOCK11823,STOCK11823
STOCK11824,STOCK11824
STOCK11825,STOCK11825
STOCK11826,STOCK11826
STOCK11827,STOCK11827
STOCK11828,STOCK11828
STOCK11829,STOCK11829
STOCK11830,STOCK11830
STOCK11831,STOCK11831
STOCK11832,STOCK11832
STOCK11833,STOCK11833
STOCK11834,STOCK11834
STOCK11835,STOCK11835
STOCK11836,STOCK11836
STOCK11837,STOCK11837
STOCK11838,STOCK11838
STOCK11839,STOCK11839
STOCK11840,STOCK11840
STOCK11841,STOCK11841
STOCK11842,STOCK11842
STOCK11843,STOCK11843
STOCK11844,STOCK11844
STOCK11845,STOCK11845
STOCK11846,STOCK11846
STOCK11847,STOCK11847
STOCK11848,STOCK11848
STOCK11849,STOCK11849
STOCK11850,STOCK11850
STOCK11851,STOCK11851
STOCK11852,STOCK11852
STOCK11853,STOCK11853
STOCK11854,STOCK11854
STOCK11855,STOCK11855
STOCK11856,STOCK11856
STOCK11857,STOCK11857
STOCK11858,STOCK11858
STOCK11859,STOCK11859
STOCK11860,STOCK11860
STOCK11861,STOCK11861
STOCK11862,STOCK11862
STOCK11863,STOCK11863
STOCK11864,STOCK11864
STOCK11865,STOCK11865
STOCK11866,STOCK11866
STOCK11867,STOCK11867
STOCK11868,STOCK11868
STOCK11869,STOCK11869
STOCK11870,STOCK11870
STOCK11871,STOCK11871
STOCK11872,STOCK11872
STOCK11873,STOCK11873
STOCK11874,STOCK11874
STOCK11875,STOCK11875
STOCK11876,STOCK11876
STOCK11877,STOCK11877
STOCK11878,STOCK11878
STOCK11879,STOCK11879
STOCK11880,STOCK11880
STOCK11881,STOCK11881
STOCK11882,STOCK11882
STOCK11883,STOCK11883
STOCK11884,STOCK11884
STOCK11885,STOCK11885
STOCK11886,STOCK11886
STOCK11887,STOCK11887
STOCK11888,STOCK11888
STOCK11889,STOCK11889
STOCK11890,STOCK11890
STOCK11891,STOCK11891
STOCK11892,STOCK11892
STOCK11893,STOCK11893
STOCK11894,STOCK11894
STOCK11895,STOCK11895
STOCK11896,STOCK11896
STOCK11897,STOCK11897
STOCK11898,STOCK11898
STOCK11899,STOCK11899
STOCK11900,STOCK11900
STOCK11901,STOCK11901
STOCK11902,STOCK11902
STOCK11903,STOCK11903
STOCK11904,STOCK11904
STOCK11905,STOCK11905
STOCK11906,STOCK11906
STOCK11907,STOCK11907
STOCK11908,STOCK11908
STOCK11909,STOCK11909
STOCK11910,STOCK11910
STOCK11911,STOCK11911
STOCK11912,STOCK11912
STOCK11913,STOCK11913
STOCK11914,STOCK11914
STOCK11915,STOCK11915
STOCK11916,STOCK11916
STOCK11917,STOCK11917
STOCK11918,STOCK11918
STOCK11919,STOCK11919
STOCK11920,STOCK11920
STOCK11921,STOCK11921
STOCK11922,STOCK11922
STOCK11923,STOCK11923
STOCK11924,STOCK11924
STOCK11925,STOCK11925
STOCK11926,STOCK11926
STOCK11927,STOCK11927
STOCK11928,STOCK11928
STOCK11929,STOCK11929
STOCK11930,STOCK11930
STOCK11931,STOCK11931
STOCK11932,STOCK11932
STOCK11933,STOCK11933
STOCK11934,STOCK11934
STOCK11935,STOCK11935
STOCK11936,STOCK11936
STOCK11937,STOCK11937
STOCK11938,STOCK11938
STOCK11939,STOCK11939
STOCK11940,STOCK11940
STOCK11941,STOCK11941
STOCK11942,STOCK11942
STOCK11943,STOCK11943
STOCK11944,STOCK11944
STOCK11945,STOCK11945
STOCK11946,STOCK11946
STOCK11947,STOCK11947
STOCK11948,STOCK11948
STOCK11949,STOCK11949
STOCK11950,STOCK11950
STOCK11951,STOCK11951
STOCK11952,STOCK11952
STOCK11953,STOCK11953
STOCK11954,STOCK11954
STOCK11955,STOCK11955
STOCK11956,STOCK11956
STOCK11957,STOCK11957
STOCK11958,STOCK11958
STOCK11959,STOCK11959
STOCK11960,STOCK11960
STOCK11961,STOCK11961
STOCK11962,STOCK11962
STOCK11963,STOCK11963
STOCK11964,STOCK11964
STOCK11965,STOCK11965
STOCK11966,STOCK11966
STOCK11967,STOCK11967
STOCK11968,STOCK11968
STOCK11969,STOCK11969
STOCK11970,STOCK11970
STOCK11971,STOCK11971
STOCK11972,STOCK11972
STOCK11973,STOCK11973
STOCK11974,STOCK11974
STOCK11975,STOCK11975
STOCK11976,STOCK11976
STOCK11977,STOCK11977
STOCK11978,STOCK11978
STOCK11979,STOCK11979
STOCK11980,STOCK11980
STOCK11981,STOCK11981
STOCK11982,STOCK11982
STOCK11983,STOCK11983
STOCK11984,STOCK11984
STOCK11985,STOCK11985
STOCK11986,STOCK11986
STOCK11987,STOCK11987
STOCK11988,STOCK11988
STOCK11989,STOCK11989
STOCK11990,STOCK11990
STOCK11991,STOCK11991
STOCK11992,STOCK11992
STOCK11993,STOCK11993
STOCK11994,STOCK11994
STOCK11995,STOCK11995
STOCK11996,STOCK11996
STOCK11997,STOCK11997
STOCK11998,STOCK11998
STOCK11999,STOCK11999
STOCK12000,STOCK12000
STOCK12001,STOCK12001
STOCK12002,STOCK12002
STOCK12003,STOCK12003
STOCK12004,STOCK12004
STOCK12005,STOCK12005
STOCK12006,STOCK12006
STOCK12007,STOCK12007
STOCK12008,STOCK12008
STOCK12009,STOCK12009
STOCK12010,STOCK12010
STOCK12011,STOCK12011
STOCK12012,STOCK12012
STOCK12013,STOCK12013
STOCK12014,STOCK12014
STOCK12015,STOCK12015
STOCK12016,STOCK12016
STOCK12017,STOCK12017
STOCK12018,STOCK12018
STOCK12019,STOCK12019
STOCK12020,STOCK12020
STOCK12021,STOCK12021
STOCK12022,STOCK12022
STOCK12023,STOCK12023
STOCK12024,STOCK12024
STOCK12025,STOCK12025
STOCK12026,STOCK12026
STOCK12027,STOCK12027
STOCK12028,STOCK12028
STOCK12029,STOCK12029
STOCK12030,STOCK12030
STOCK12031,STOCK12031
STOCK12032,STOCK12032
STOCK12033,STOCK12033
STOCK12034,STOCK12034
STOCK12035,STOCK12035
STOCK12036,STOCK12036
STOCK12037,STOCK12037
STOCK12038,STOCK12038
STOCK12039,STOCK12039
STOCK12040,STOCK12040
STOCK12041,STOCK12041
STOCK12042,STOCK12042
STOCK12043,STOCK12043
STOCK12044,STOCK12044
STOCK12045,STOCK12045
STOCK12046,STOCK12046
STOCK12047,STOCK12047
STOCK12048,STOCK12048
STOCK12049,STOCK12049
STOCK12050,STOCK12050
STOCK12051,STOCK12051
STOCK12052,STOCK12052
STOCK12053,STOCK12053
STOCK12054,STOCK12054
STOCK12055,STOCK12055
STOCK12056,STOCK12056
STOCK12057,STOCK12057
STOCK12058,STOCK12058
STOCK12059,STOCK12059
STOCK12060,STOCK12060
STOCK12061,STOCK12061
STOCK12062,STOCK12062
STOCK12063,STOCK12063
STOCK12064,STOCK12064
STOCK12065,STOCK12065
STOCK12066,STOCK12066
STOCK12067,STOCK12067
STOCK12068,STOCK12068
STOCK12069,STOCK12069
STOCK12070,STOCK12070
STOCK12071,STOCK12071
STOCK12072,STOCK12072
STOCK12073,STOCK12073
STOCK12074,STOCK12074
STOCK12075,STOCK12075
STOCK12076,STOCK12076
STOCK12077,STOCK12077
STOCK12078,STOCK12078
STOCK12079,STOCK12079
STOCK12080,STOCK12080
STOCK12081,STOCK12081
STOCK12082,STOCK12082
STOCK12083,STOCK12083
STOCK12084,STOCK12084
STOCK12085,STOCK12085
STOCK12086,STOCK12086
STOCK12087,STOCK12087
STOCK12088,STOCK12088
STOCK12089,STOCK12089
STOCK12090,STOCK12090
STOCK12091,STOCK12091
STOCK12092,STOCK12092
STOCK12093,STOCK12093
STOCK12094,STOCK12094
STOCK12095,STOCK12095
STOCK12096,STOCK12096
STOCK12097,STOCK12097
STOCK12098,STOCK12098
STOCK12099,STOCK12099
STOCK12100,STOCK12100
STOCK12101,STOCK12101
STOCK12102,STOCK12102
STOCK12103,STOCK12103
STOCK12104,STOCK12104
STOCK12105,STOCK12105
STOCK12106,STOCK12106
STOCK12107,STOCK12107
STOCK12108,STOCK12108
STOCK12109,STOCK12109
STOCK12110,STOCK12110
STOCK12111,STOCK12111
STOCK12112,STOCK12112
STOCK12113,STOCK12113
STOCK12114,STOCK12114
STOCK12115,STOCK12115
STOCK12116,STOCK12116
STOCK12117,STOCK12117
STOCK12118,STOCK12118
STOCK12119,STOCK12119
STOCK12120,STOCK12120
STOCK12121,STOCK12121
STOCK12122,STOCK12122
STOCK12123,STOCK12123
STOCK12124,STOCK12124
STOCK12125,STOCK12125
STOCK12126,STOCK12126
STOCK12127,STOCK12127
STOCK12128,STOCK12128
STOCK12129,STOCK12129
STOCK12130,STOCK12130
STOCK12131,STOCK12131
STOCK12132,STOCK12132
STOCK12133,STOCK12133
STOCK12134,STOCK12134
STOCK12135,STOCK12135
STOCK12136,STOCK12136
STOCK12137,STOCK12137
STOCK12138,STOCK12138
STOCK12139,STOCK12139
STOCK12140,STOCK12140
STOCK12141,STOCK12141
STOCK12142,STOCK12142
STOCK12143,STOCK12143
STOCK12144,STOCK12144
STOCK12145,STOCK12145
STOCK12146,STOCK12146
STOCK12147,STOCK12147
STOCK12148,STOCK12148
STOCK12149,STOCK12149
STOCK12150,STOCK12150
STOCK12151,STOCK12151
STOCK12152,STOCK12152
STOCK12153,STOCK12153
STOCK12154,STOCK12154
STOCK12155,STOCK12155
STOCK12156,STOCK12156
STOCK12157,STOCK12157
STOCK12158,STOCK12158
STOCK12159,STOCK12159
STOCK12160,STOCK12160
STOCK12161,STOCK12161
STOCK12162,STOCK12162
STOCK12163,STOCK12163
STOCK12164,STOCK12164
STOCK12165,STOCK12165
STOCK12166,STOCK12166
STOCK12167,STOCK12167
STOCK12168,STOCK12168
STOCK12169,STOCK12169
STOCK12170,STOCK12170
STOCK12171,STOCK12171
STOCK12172,STOCK12172
STOCK12173,STOCK12173
STOCK12174,STOCK12174
STOCK12175,STOCK12175
STOCK12176,STOCK12176
STOCK12177,STOCK12177
STOCK12178,STOCK12178
STOCK12179,STOCK12179
STOCK12180,STOCK12180
STOCK12181,STOCK12181
STOCK12182,STOCK12182
STOCK12183,STOCK12183
STOCK12184,STOCK12184
STOCK12185,STOCK12185
STOCK12186,STOCK12186
STOCK12187,STOCK12187
STOCK12188,STOCK12188
STOCK12189,STOCK12189
STOCK12190,STOCK12190
STOCK12191,STOCK12191
STOCK12192,STOCK12192
STOCK12193,STOCK12193
STOCK12194,STOCK12194
STOCK12195,STOCK12195
STOCK12196,STOCK12196
STOCK12197,STOCK12197
STOCK12198,STOCK12198
STOCK12199,STOCK12199
STOCK12200,STOCK12200
STOCK12201,STOCK12201
STOCK12202,STOCK12202
STOCK12203,STOCK12203
STOCK12204,STOCK12204
STOCK12205,STOCK12205
STOCK12206,STOCK12206
STOCK12207,STOCK12207
STOCK12208,STOCK12208
STOCK12209,STOCK12209
STOCK12210,STOCK12210
STOCK12211,STOCK12211
STOCK12212,STOCK12212
STOCK12213,STOCK12213
STOCK12214,STOCK12214
STOCK12215,STOCK12215
STOCK12216,STOCK12216
STOCK12217,STOCK12217
STOCK12218,STOCK12218
STOCK12219,STOCK12219
STOCK12220,STOCK12220
STOCK12221,STOCK12221
STOCK12222,STOCK12222
STOCK12223,STOCK12223
STOCK12224,STOCK12224
STOCK12225,STOCK12225
STOCK12226,STOCK12226
STOCK12227,STOCK12227
STOCK12228,STOCK12228
STOCK12229,STOCK12229
STOCK12230,STOCK12230
STOCK12231,STOCK12231
STOCK12232,STOCK12232
STOCK12233,STOCK12233
STOCK12234,STOCK12234
STOCK12235,STOCK12235
STOCK12236,STOCK12236
STOCK12237,STOCK12237
STOCK12238,STOCK12238
STOCK12239,STOCK12239
STOCK12240,STOCK12240
STOCK12241,STOCK12241
STOCK12242,STOCK12242
STOCK12243,STOCK12243
STOCK12244,STOCK12244
STOCK12245,STOCK12245
STOCK12246,STOCK12246
STOCK12247,STOCK12247
STOCK12248,STOCK12248
STOCK12249,STOCK12249
STOCK12250,STOCK12250
STOCK12251,STOCK12251
STOCK12252,STOCK12252
STOCK12253,STOCK12253
STOCK12254,STOCK12254
STOCK12255,STOCK12255
STOCK12256,STOCK12256
STOCK12257,STOCK12257
STOCK12258,STOCK12258
STOCK12259,STOCK12259
STOCK12260,STOCK12260
STOCK12261,STOCK12261
STOCK12262,STOCK12262
STOCK12263,STOCK12263
STOCK12264,STOCK12264
STOCK12265,STOCK12265
STOCK12266,STOCK12266
STOCK12267,STOCK12267
STOCK12268,STOCK12268
STOCK12269,STOCK12269
STOCK12270,STOCK12270
STOCK12271,STOCK12271
STOCK12272,STOCK12272
STOCK12273,STOCK12273
STOCK12274,STOCK12274
STOCK12275,STOCK12275
STOCK12276,STOCK12276
STOCK12277,STOCK12277
STOCK12278,STOCK12278
STOCK12279,STOCK12279
STOCK12280,STOCK12280
STOCK12281,STOCK12281
STOCK12282,STOCK12282
STOCK12283,STOCK12283
STOCK12284,STOCK12284
STOCK12285,STOCK12285
STOCK12286,STOCK12286
STOCK12287,STOCK12287
STOCK12288,STOCK12288
STOCK12289,STOCK12289
STOCK12290,STOCK12290
STOCK12291,STOCK12291
STOCK12292,STOCK12292
STOCK12293,STOCK12293
STOCK12294,STOCK12294
STOCK12295,STOCK12295
STOCK12296,STOCK12296
STOCK12297,STOCK12297
STOCK12298,STOCK12298
STOCK12299,STOCK12299
STOCK12300,STOCK12300
STOCK12301,STOCK12301
STOCK12302,STOCK12302
STOCK12303,STOCK12303
STOCK12304,STOCK12304
STOCK12305,STOCK12305
STOCK12306,STOCK12306
STOCK12307,STOCK12307
STOCK12308,STOCK12308
STOCK12309,STOCK12309
STOCK12310,STOCK12310
STOCK12311,STOCK12311
STOCK12312,STOCK12312
STOCK12313,STOCK12313
STOCK12314,STOCK12314
STOCK12315,STOCK12315
STOCK12316,STOCK12316
STOCK12317,STOCK12317
STOCK12318,STOCK12318
STOCK12319,STOCK12319
STOCK12320,STOCK12320
STOCK12321,STOCK12321
STOCK12322,STOCK12322
STOCK12323,STOCK12323
STOCK12324,STOCK12324
STOCK12325,STOCK12325
STOCK12326,STOCK12326
STOCK12327,STOCK12327
STOCK12328,STOCK12328
STOCK12329,STOCK12329
STOCK12330,STOCK12330
STOCK12331,STOCK12331
STOCK12332,STOCK12332
STOCK12333,STOCK12333
STOCK12334,STOCK12334
STOCK12335,STOCK12335
STOCK12336,STOCK12336
STOCK12337,STOCK12337
STOCK12338,STOCK12338
STOCK12339,STOCK12339
STOCK12340,STOCK12340
STOCK12341,STOCK12341
STOCK12342,STOCK12342
STOCK12343,STOCK12343
STOCK12344,STOCK12344
STOCK12345,STOCK12345
STOCK12346,STOCK12346
STOCK12347,STOCK12347
STOCK12348,STOCK12348
STOCK12349,STOCK12349
STOCK12350,STOCK12350
STOCK12351,STOCK12351
STOCK12352,STOCK12352
STOCK12353,STOCK12353
STOCK12354,STOCK12354
STOCK12355,STOCK12355
STOCK12356,STOCK12356
STOCK12357,STOCK12357
STOCK12358,STOCK12358
STOCK12359,STOCK12359
STOCK12360,STOCK12360
STOCK12361,STOCK12361
STOCK12362,STOCK12362
STOCK12363,STOCK12363
STOCK12364,STOCK12364
STOCK12365,STOCK12365
STOCK12366,STOCK12366
STOCK12367,STOCK12367
STOCK12368,STOCK12368
STOCK12369,STOCK12369
STOCK12370,STOCK12370
STOCK12371,STOCK12371
STOCK12372,STOCK12372
STOCK12373,STOCK12373
STOCK12374,STOCK12374
STOCK12375,STOCK12375
STOCK12376,STOCK12376
STOCK12377,STOCK12377
STOCK12378,STOCK12378
STOCK12379,STOCK12379
STOCK12380,STOCK12380
STOCK12381,STOCK12381
STOCK12382,STOCK12382
STOCK12383,STOCK12383
STOCK12384,STOCK12384
STOCK12385,STOCK12385
STOCK12386,STOCK12386
STOCK12387,STOCK12387
STOCK12388,STOCK12388
STOCK12389,STOCK12389
STOCK12390,STOCK12390
STOCK12391,STOCK12391
STOCK12392,STOCK12392
STOCK12393,STOCK12393
STOCK12394,STOCK12394
STOCK12395,STOCK12395
STOCK12396,STOCK12396
STOCK12397,STOCK12397
STOCK12398,STOCK12398
STOCK12399,STOCK12399
STOCK12400,STOCK12400
STOCK12401,STOCK12401
STOCK12402,STOCK12402
STOCK12403,STOCK12403
STOCK12404,STOCK12404
STOCK12405,STOCK12405
STOCK12406,STOCK12406
STOCK12407,STOCK12407
STOCK12408,STOCK12408
STOCK12409,STOCK12409
STOCK12410,STOCK12410
STOCK12411,STOCK12411
STOCK12412,STOCK12412
STOCK12413,STOCK12413
STOCK12414,STOCK12414
STOCK12415,STOCK12415
STOCK12416,STOCK12416
STOCK12417,STOCK12417
STOCK12418,STOCK12418
STOCK12419,STOCK12419
STOCK12420,STOCK12420
STOCK12421,STOCK12421
STOCK12422,STOCK12422
STOCK12423,STOCK12423
STOCK12424,STOCK12424
STOCK12425,STOCK12425
STOCK12426,STOCK12426
STOCK12427,STOCK12427
STOCK12428,STOCK12428
STOCK12429,STOCK12429
STOCK12430,STOCK12430
STOCK12431,STOCK12431
STOCK12432,STOCK12432
STOCK12433,STOCK12433
STOCK12434,STOCK12434
STOCK12435,STOCK12435
STOCK12436,STOCK12436
STOCK12437,STOCK12437
STOCK12438,STOCK12438
STOCK12439,STOCK12439
STOCK12440,STOCK12440
STOCK12441,STOCK12441
STOCK12442,STOCK12442
STOCK12443,STOCK12443
STOCK12444,STOCK12444
STOCK12445,STOCK12445
STOCK12446,STOCK12446
STOCK12447,STOCK12447
STOCK12448,STOCK12448
STOCK12449,STOCK12449
STOCK12450,STOCK12450
STOCK12451,STOCK12451
STOCK12452,STOCK12452
STOCK12453,STOCK12453
STOCK12454,STOCK12454
STOCK12455,STOCK12455
STOCK12456,STOCK12456
STOCK12457,STOCK12457
STOCK12458,STOCK12458
STOCK12459,STOCK12459
STOCK12460,STOCK12460
STOCK12461,STOCK12461
STOCK12462,STOCK12462
STOCK12463,STOCK12463
STOCK12464,STOCK12464
STOCK12465,STOCK12465
STOCK12466,STOCK12466
STOCK12467,STOCK12467
STOCK12468,STOCK12468
STOCK12469,STOCK12469
STOCK12470,STOCK12470
STOCK12471,STOCK12471
STOCK12472,STOCK12472
STOCK12473,STOCK12473
STOCK12474,STOCK12474
STOCK12475,STOCK12475
STOCK12476,STOCK12476
STOCK12477,STOCK12477
STOCK12478,STOCK12478
STOCK12479,STOCK12479
STOCK12480,STOCK12480
STOCK12481,STOCK12481
STOCK12482,STOCK12482
STOCK12483,STOCK12483
STOCK12484,STOCK12484
STOCK12485,STOCK12485
STOCK12486,STOCK12486
STOCK12487,STOCK12487
STOCK12488,STOCK12488
STOCK12489,STOCK12489
STOCK12490,STOCK12490
STOCK12491,STOCK12491
STOCK12492,STOCK12492
STOCK12493,STOCK12493
STOCK12494,STOCK12494
STOCK12495,STOCK12495
STOCK12496,STOCK12496
STOCK12497,STOCK12497
STOCK12498,STOCK12498
STOCK12499,STOCK12499
STOCK12500,STOCK12500
STOCK12501,STOCK12501
STOCK12502,STOCK12502
STOCK12503,STOCK12503
STOCK12504,STOCK12504
STOCK12505,STOCK12505
STOCK12506,STOCK12506
STOCK12507,STOCK12507
STOCK12508,STOCK12508
STOCK12509,STOCK12509
STOCK12510,STOCK12510
STOCK12511,STOCK12511
STOCK12512,STOCK12512
STOCK12513,STOCK12513
STOCK12514,STOCK12514
STOCK12515,STOCK12515
STOCK12516,STOCK12516
STOCK12517,STOCK12517
STOCK12518,STOCK12518
STOCK12519,STOCK12519
STOCK12520,STOCK12520
STOCK12521,STOCK12521
STOCK12522,STOCK12522
STOCK12523,STOCK12523
STOCK12524,STOCK12524
STOCK12525,STOCK12525
STOCK12526,STOCK12526
STOCK12527,STOCK12527
STOCK12528,STOCK12528
STOCK12529,STOCK12529
STOCK12530,STOCK12530
STOCK12531,STOCK12531
STOCK12532,STOCK12532
STOCK12533,STOCK12533
STOCK12534,STOCK12534
STOCK12535,STOCK12535
STOCK12536,STOCK12536
STOCK12537,STOCK12537
STOCK12538,STOCK12538
STOCK12539,STOCK12539
STOCK12540,STOCK12540
STOCK12541,STOCK12541
STOCK12542,STOCK12542
STOCK12543,STOCK12543
STOCK12544,STOCK12544
STOCK12545,STOCK12545
STOCK12546,STOCK12546
STOCK12547,STOCK12547
STOCK12548,STOCK12548
STOCK12549,STOCK12549
STOCK12550,STOCK12550
STOCK12551,STOCK12551
STOCK12552,STOCK12552
STOCK12553,STOCK12553
STOCK12554,STOCK12554
STOCK12555,STOCK12555
STOCK12556,STOCK12556
STOCK12557,STOCK12557
STOCK12558,STOCK12558
STOCK12559,STOCK12559
STOCK12560,STOCK12560
STOCK12561,STOCK12561
STOCK12562,STOCK12562
STOCK12563,STOCK12563
STOCK12564,STOCK12564
STOCK12565,STOCK12565
STOCK12566,STOCK12566
STOCK12567,STOCK12567
STOCK12568,STOCK12568
STOCK12569,STOCK12569
STOCK12570,STOCK12570
STOCK12571,STOCK12571
STOCK12572,STOCK12572
STOCK12573,STOCK12573
STOCK12574,STOCK12574
STOCK12575,STOCK12575
STOCK12576,STOCK12576
STOCK12577,STOCK12577
STOCK12578,STOCK12578
STOCK12579,STOCK12579
STOCK12580,STOCK12580
STOCK12581,STOCK12581
STOCK12582,STOCK12582
STOCK12583,STOCK12583
STOCK12584,STOCK12584
STOCK12585,STOCK12585
STOCK12586,STOCK12586
STOCK12587,STOCK12587
STOCK12588,STOCK12588
STOCK12589,STOCK12589
STOCK12590,STOCK12590
STOCK12591,STOCK12591
STOCK12592,STOCK12592
STOCK12593,STOCK12593
STOCK12594,STOCK12594
STOCK12595,STOCK12595
STOCK12596,STOCK12596
STOCK12597,STOCK12597
STOCK12598,STOCK12598
STOCK12599,STOCK12599
STOCK12600,STOCK12600
STOCK12601,STOCK12601
STOCK12602,STOCK12602
STOCK12603,STOCK12603
STOCK12604,STOCK12604
STOCK12605,STOCK12605
STOCK12606,STOCK12606
STOCK12607,STOCK12607
STOCK12608,STOCK12608
STOCK12609,STOCK12609
STOCK12610,STOCK12610
STOCK12611,STOCK12611
STOCK12612,STOCK12612
STOCK12613,STOCK12613
STOCK12614,STOCK12614
STOCK12615,STOCK12615
STOCK12616,STOCK12616
STOCK12617,STOCK12617
STOCK12618,STOCK12618
STOCK12619,STOCK12619
STOCK12620,STOCK12620
STOCK12621,STOCK12621
STOCK12622,STOCK12622
STOCK12623,STOCK12623
STOCK12624,STOCK12624
STOCK12625,STOCK12625
STOCK12626,STOCK12626
STOCK12627,STOCK12627
STOCK12628,STOCK12628
STOCK12629,STOCK12629
STOCK12630,STOCK12630
STOCK12631,STOCK12631
STOCK12632,STOCK12632
STOCK12633,STOCK12633
STOCK12634,STOCK12634
STOCK12635,STOCK12635
STOCK12636,STOCK12636
STOCK12637,STOCK12637
STOCK12638,STOCK12638
STOCK12639,STOCK12639
STOCK12640,STOCK12640
STOCK12641,STOCK12641
STOCK12642,STOCK12642
STOCK12643,STOCK12643
STOCK12644,STOCK12644
STOCK12645,STOCK12645
STOCK12646,STOCK12646
STOCK12647,STOCK12647
STOCK12648,STOCK12648
STOCK12649,STOCK12649
STOCK12650,STOCK12650
STOCK12651,STOCK12651
STOCK12652,STOCK12652
STOCK12653,STOCK12653
STOCK12654,STOCK12654
STOCK12655,STOCK12655
STOCK12656,STOCK12656
STOCK12657,STOCK12657
STOCK12658,STOCK12658
STOCK12659,STOCK12659
STOCK12660,STOCK12660
STOCK12661,STOCK12661
STOCK12662,STOCK12662
STOCK12663,STOCK12663
STOCK12664,STOCK12664
STOCK12665,STOCK12665
STOCK12666,STOCK12666
STOCK12667,STOCK12667
STOCK12668,STOCK12668
STOCK12669,STOCK12669
STOCK12670,STOCK12670
STOCK12671,STOCK12671
STOCK12672,STOCK12672
STOCK12673,STOCK12673
STOCK12674,STOCK12674
STOCK12675,STOCK12675
STOCK12676,STOCK12676
STOCK12677,STOCK12677
STOCK12678,STOCK12678
STOCK12679,STOCK12679
STOCK12680,STOCK12680
STOCK12681,STOCK12681
STOCK12682,STOCK12682
STOCK12683,STOCK12683
STOCK12684,STOCK12684
STOCK12685,STOCK12685
STOCK12686,STOCK12686
STOCK12687,STOCK12687
STOCK12688,STOCK12688
STOCK12689,STOCK12689
STOCK12690,STOCK12690
STOCK12691,STOCK12691
STOCK12692,STOCK12692
STOCK12693,STOCK12693
STOCK12694,STOCK12694
STOCK12695,STOCK12695
STOCK12696,STOCK12696
STOCK12697,STOCK12697
STOCK12698,STOCK12698
STOCK12699,STOCK12699
STOCK12700,STOCK12700
STOCK12701,STOCK12701
STOCK12702,STOCK12702
STOCK12703,STOCK12703
STOCK12704,STOCK12704
STOCK12705,STOCK12705
STOCK12706,STOCK12706
STOCK12707,STOCK12707
STOCK12708,STOCK12708
STOCK12709,STOCK12709
STOCK12710,STOCK12710
STOCK12711,STOCK12711
STOCK12712,STOCK12712
STOCK12713,STOCK12713
STOCK12714,STOCK12714
STOCK12715,STOCK12715
STOCK12716,STOCK12716
STOCK12717,STOCK12717
STOCK12718,STOCK12718
STOCK12719,STOCK12719
STOCK12720,STOCK12720
STOCK12721,STOCK12721
STOCK12722,STOCK12722
STOCK12723,STOCK12723
STOCK12724,STOCK12724
STOCK12725,STOCK12725
STOCK12726,STOCK12726
STOCK12727,STOCK12727
STOCK12728,STOCK12728
STOCK12729,STOCK12729
STOCK12730,STOCK12730
STOCK12731,STOCK12731
STOCK12732,STOCK12732
STOCK12733,STOCK12733
STOCK12734,STOCK12734
STOCK12735,STOCK12735
STOCK12736,STOCK12736
STOCK12737,STOCK12737
STOCK12738,STOCK12738
STOCK12739,STOCK12739
STOCK12740,STOCK12740
STOCK12741,STOCK12741
STOCK12742,STOCK12742
STOCK12743,STOCK12743
STOCK12744,STOCK12744
STOCK12745,STOCK12745
STOCK12746,STOCK12746
STOCK12747,STOCK12747
STOCK12748,STOCK12748
STOCK12749,STOCK12749
