std,rho,mu,omega,alpha1,alpha2,alpha3,beta1,beta2,beta3
0.018560142670522653,0.11572594497030932,0.008269958319939232,0.3702269745450614,1.2388734899471926e-14,0.031385683607811236,0.07636707544646233,3.083820165768499e-15,2.343904769146516e-15,0.5084848183626911
0.01858913136854381,-0.006257662300687891,0.00418218727876416,0.23229720896937578,0.12160086089536365,0.03566326990545291,0.03360121364527133,0.08395832993782888,0.1292705673273261,0.4082073724261452
0.01858913136854381,-0.006257662300687891,0.00418218727876416,0.23229720896937578,0.12160086089536365,0.03566326990545291,0.03360121364527133,0.08395832993782888,0.1292705673273261,0.4082073724261452
0.01858913136854381,-0.006257662300687891,0.00418218727876416,0.23229720896937578,0.12160086089536365,0.03566326990545291,0.03360121364527133,0.08395832993782888,0.1292705673273261,0.4082073724261452
0.01858913136854381,-0.006257662300687891,0.00418218727876416,0.23229720896937578,0.12160086089536365,0.03566326990545291,0.03360121364527133,0.08395832993782888,0.1292705673273261,0.4082073724261452
0.01649340032006186,0.0884543028258747,-0.019445700647849413,0.025324094462152096,0.07564449297953718,0.0,0.0,0.4846845534480742,0.0,0.41256713179626026
0.01858913136854381,-0.006257662300687891,0.00418218727876416,0.23229720896937578,0.12160086089536365,0.03566326990545291,0.03360121364527133,0.08395832993782888,0.1292705673273261,0.4082073724261452
0.019425856839658827,-0.17156287009920906,-0.06754755879281316,0.5400592955865496,0.17244631649147013,0.2711011387115956,0.0,2.840947039710216e-14,0.0,0.07161526679567864
0.015661118198806185,-0.028699131640281098,0.031106534346487854,0.15245579185564745,0.11480349142598854,0.020227152439795438,4.3048965741004395e-12,6.329988781504105e-12,5.075742635278552e-12,0.7157887378512786
0.01858913136854381,-0.006257662300687891,0.00418218727876416,0.23229720896937578,0.12160086089536365,0.03566326990545291,0.03360121364527133,0.08395832993782888,0.1292705673273261,0.4082073724261452
0.01146607363350152,-0.05611118910622911,0.015578060084675415,0.38124238054576415,0.025430472812399813,0.3884158282609482,0.03702949262413478,0.0,0.14203448557732273,0.07571670994656687
0.016487786078520823,-0.01071957041104002,0.14637525085298242,0.18865937981644695,1.1528779592305324e-13,0.0,0.19266017142283645,0.0,0.5671002761392506,0.0
0.01858913136854381,-0.006257662300687891,0.00418218727876416,0.23229720896937578,0.12160086089536365,0.03566326990545291,0.03360121364527133,0.08395832993782888,0.1292705673273261,0.4082073724261452
0.01858913136854381,-0.006257662300687891,0.00418218727876416,0.23229720896937578,0.12160086089536365,0.03566326990545291,0.03360121364527133,0.08395832993782888,0.1292705673273261,0.4082073724261452
0.01858913136854381,-0.006257662300687891,0.00418218727876416,0.23229720896937578,0.12160086089536365,0.03566326990545291,0.03360121364527133,0.08395832993782888,0.1292705673273261,0.4082073724261452
0.018084621460299575,0.12592361601009816,-0.06038810377893007,0.009570226264795825,0.004815011408033302,0.0,2.3505475845601647e-11,0.0,0.00220343109231328,0.9929815583584477
0.01858913136854381,-0.006257662300687891,0.00418218727876416,0.23229720896937578,0.12160086089536365,0.03566326990545291,0.03360121364527133,0.08395832993782888,0.1292705673273261,0.4082073724261452
0.02097999615068305,0.04629085239414075,-0.01183887563470463,0.03182108549415574,0.10482137557612584,0.0,0.0,0.4092602359712958,0.0,0.45354918599892113
0.01827647718683984,-0.025213329272390183,-0.01616830026886322,0.496704669196264,0.10414271603587355,0.03734539636144728,0.1717510530769224,0.0,0.0,0.21436774588449012
0.016742182658269985,0.0824592217065298,0.008271762583567658,0.06578271497914412,0.0,0.0,0.0,0.3539538355726226,0.0,0.5822616418433427
0.018446177488116333,0.023546293574195423,-0.037996126194375694,0.011076061446686113,2.0290082875784698e-08,0.005118103335775733,2.113244039399475e-08,4.7440254938144435e-09,4.0871021640529135e-09,0.9904466248370766
0.022729520226980375,0.06139697663607118,-0.033776801537358375,1.6719899440232197e-08,0.011342416632251264,8.176111459388819e-09,1.0289014225031906e-08,0.0031483394620134366,3.3831814139795963e-09,0.9667829609344594
0.01858913136854381,-0.006257662300687891,0.00418218727876416,0.23229720896937578,0.12160086089536365,0.03566326990545291,0.03360121364527133,0.08395832993782888,0.1292705673273261,0.4082073724261452
0.01858913136854381,-0.006257662300687891,0.00418218727876416,0.23229720896937578,0.12160086089536365,0.03566326990545291,0.03360121364527133,0.08395832993782888,0.1292705673273261,0.4082073724261452
0.017408435896058384,-0.061834889335340655,0.015928483625751652,0.033610799889312266,0.0707679920872747,0.0,0.0,0.6344756946563224,0.0,0.25762738111330147
0.022081039012645076,-0.14680229707137496,0.005882369708664128,0.06253675828691964,0.0,0.0,0.05634744413128328,0.22069426687348498,5.632717732195455e-12,0.6630023253403269
0.01858913136854381,-0.006257662300687891,0.00418218727876416,0.23229720896937578,0.12160086089536365,0.03566326990545291,0.03360121364527133,0.08395832993782888,0.1292705673273261,0.4082073724261452
0.019791358033600135,-0.009146446382433558,0.0492892629995298,0.5906836815333332,0.2484535759714146,0.0367438717977324,0.027026537725980775,2.7458866852307612e-14,0.11801901484988277,1.6763086551151422e-14
0.01804620472316366,0.04563585398209582,0.02079112474758078,0.007132885671367481,9.541784257865565e-09,1.5026787907230286e-08,5.299162133783688e-09,2.865340446875958e-09,0.026369156228017825,0.9708905967490964
0.020969213579867297,0.012894820839443263,-0.0021539872115755023,0.10283657916483827,0.028700800873063526,0.09158102701327005,0.09522618044034244,1.3140233425434642e-13,0.02226013383740607,0.6468337653848105
0.013617283426053239,0.046379679283915946,0.018659752934521264,0.9410664022247145,0.023857329338652797,0.005908090313638874,0.03069609747411806,1.6885603840362024e-12,1.6797938111875675e-12,1.727116718124276e-12
0.013387665530265415,-0.013528644582764843,-0.0036255483617363654,0.0015792074408457965,0.16802678191770562,0.09486107140412017,0.1054756458287695,0.08406466274632983,2.6258463199821713e-07,0.5475717662238072
0.014782713860510575,0.10758830727061565,-0.019213200963997756,0.028689240151587185,0.0,1.229012796651412e-10,0.0,0.0,0.0,0.9407756740027242
0.04614283629916381,0.18393678253011045,0.00011442463876701843,0.014606577461431873,0.03954545550128336,0.0,0.09854744250644171,0.861838921440862,6.780990211283083e-05,0.0
0.01858913136854381,-0.006257662300687891,0.00418218727876416,0.23229720896937578,0.12160086089536365,0.03566326990545291,0.03360121364527133,0.08395832993782888,0.1292705673273261,0.4082073724261452
0.01818677371316638,-0.04496741105498372,0.014150237838169818,0.12802362996287095,0.2958732117169929,0.11045705539168793,5.2827028855559845e-11,7.054754966411875e-11,0.48703402530925993,1.6344399870922882e-10
0.01858913136854381,-0.006257662300687891,0.00418218727876416,0.23229720896937578,0.12160086089536365,0.03566326990545291,0.03360121364527133,0.08395832993782888,0.1292705673273261,0.4082073724261452
0.014851632913636031,0.1898597342290229,-0.0009671190343609628,0.16308330061200552,0.031950952876747714,0.0,0.6297888924666486,0.0,0.2153840529679116,0.0
0.01858913136854381,-0.006257662300687891,0.00418218727876416,0.23229720896937578,0.12160086089536365,0.03566326990545291,0.03360121364527133,0.08395832993782888,0.1292705673273261,0.4082073724261452
0.03564694678894475,-0.05688808433999675,0.1322593508042682,0.0038368117850036613,5.072495800363294e-09,4.980407062429179e-09,4.7944981363949805e-09,0.9513223777439183,1.5770781748498264e-06,6.413662146350063e-08
0.01248366390742511,0.07064862807514315,0.08075936325791398,0.04296977393669542,2.6539113517656236e-10,4.304155133388468e-08,9.988947625385914e-09,0.777335563773772,0.17810820463296798,7.557307323063055e-05
0.011695535021391847,-0.06962011461077193,0.006199381698314532,0.5236910029379813,0.12176256600785772,0.0,0.15631792429607072,1.3925892814038832e-14,0.15690556355863564,0.07404387845275184
0.01858913136854381,-0.006257662300687891,0.00418218727876416,0.23229720896937578,0.12160086089536365,0.03566326990545291,0.03360121364527133,0.08395832993782888,0.1292705673273261,0.4082073724261452
0.02177212580516677,0.050828316676938365,0.012772654772666108,0.031031875002744805,0.15259208380950576,2.348845997351635e-14,2.671225325009996e-13,0.0,0.33139580315175066,0.48046527211477996
0.01052593779968265,-0.09220594365340751,0.1355589507586902,0.26081345945426865,0.0,4.142783494199475e-11,0.0,3.695627887077823e-11,0.7279285422074767,0.0
0.016135762506687187,-0.11037769821539552,0.06738686488207728,0.04634168113095659,0.10235575043370909,0.019779914584607632,0.14380344124331906,3.731679758943889e-12,1.2720410148721025e-11,0.6891484629474547
0.021125873790073336,-0.054933016823650156,-0.040959300809435696,0.005089574426709583,4.011754278768743e-07,3.6589559631068118e-06,0.003549459305436852,6.528276756659006e-07,8.379305892313786e-07,0.9964430360809251
0.013444966213629707,0.04604674065647871,0.008553302572606832,0.0672393214499727,0.11773887387721425,0.012337945389647002,0.0,0.0,0.0,0.7878562431368721
0.01858913136854381,-0.006257662300687891,0.00418218727876416,0.23229720896937578,0.12160086089536365,0.03566326990545291,0.03360121364527133,0.08395832993782888,0.1292705673273261,0.4082073724261452
0.01858913136854381,-0.006257662300687891,0.00418218727876416,0.23229720896937578,0.12160086089536365,0.03566326990545291,0.03360121364527133,0.08395832993782888,0.1292705673273261,0.4082073724261452
0.01637806481090947,-0.07917611361014318,0.020447905480125785,0.051593449128537444,0.1326835005593488,0.0,3.9479141993310833e-16,5.295354390915837e-15,0.2956127826663083,0.5100889686592384
0.01416705550347674,0.06831994820436828,-0.0248826184668981,0.3784895988517312,0.07077086408738159,0.04471592943776369,5.998531602114978e-13,6.192212736886293e-12,2.5779980683934605e-12,0.5065349749465996
0.016607550589811514,0.06605531061915965,0.010607200315323357,0.005817203109035,0.0,0.0,0.0,8.473082842247728e-09,9.24701234533679e-09,0.9999999995386657
0.015934653564610983,0.027956679025304996,0.0038031265351001877,0.050527090664292895,0.18132041263475096,0.07139945089843641,2.0610762737665502e-11,2.3064261683557023e-11,2.880849038169707e-11,0.6910566439616939
0.0198110359353391,0.004329087384348947,-0.02749889289942869,0.010948258410221392,0.058375034441712444,3.007962789110306e-09,0.0,0.54232830065617,0.0,0.38583533154813
0.01858913136854381,-0.006257662300687891,0.00418218727876416,0.23229720896937578,0.12160086089536365,0.03566326990545291,0.03360121364527133,0.08395832993782888,0.1292705673273261,0.4082073724261452
0.01608786146096,0.07079161841875317,-0.004319411815132726,0.06800718161418458,0.0884584746927325,0.0397597749369131,0.0054538118787016915,8.738870970613395e-16,0.18973490881068172,0.6048558122509659
0.016361121847538577,-0.04455062656136531,0.02434846769813671,0.034189723438168125,5.028952613674089e-13,0.0,0.08088414671578284,0.0,0.3320330473797689,0.5462012337951673
0.043929978841063755,-0.0481369082548268,-0.005461930331308958,0.0608847984657277,0.48667542779566525,8.16096909298094e-09,0.0,0.19058167193901518,7.633747623277317e-08,0.32274282154560263
0.017219464277808506,-0.001831127934869701,-0.045041074673784244,0.009349442809593331,0.04570255293199101,0.0,0.0,0.05687106737432358,0.0,0.8890984733448258
0.01858913136854381,-0.006257662300687891,0.00418218727876416,0.23229720896937578,0.12160086089536365,0.03566326990545291,0.03360121364527133,0.08395832993782888,0.1292705673273261,0.4082073724261452
0.01933431413878139,0.02636341487295653,0.055577207521812944,0.10573485198391046,0.1540908109908441,0.021123150690532198,0.059045932299310724,9.045544268228463e-09,1.50739385776396e-09,0.6672474523834704
0.012410065013715747,0.03685480641518307,0.01833612587518169,0.05235280892584028,0.16255118918955888,0.016360734412694207,0.003587230401652134,7.306149161438029e-13,0.38907500100751713,0.3662975068290034
0.020826076008084705,0.013897993146475008,-0.019288549241200444,0.16244329102852015,0.14824043221314206,0.06929591987604443,0.015211938729850615,0.0,7.496400164408548e-15,0.5815682649359466
0.010905445094311426,-0.0869399836849861,-0.012347378775616154,0.23884431669858977,0.1113961452119988,0.0917062183307726,0.09607497314477788,0.0,0.0,0.421159895378336
0.013558750038418362,0.05439410834465925,0.018965247670040743,0.027688799716372038,0.07356523148618618,0.020839247316372156,0.021587381173728104,0.0,0.0,0.8540042358745201
0.018067473509621564,0.03965368939195583,0.012493064342510173,0.013223290881488107,0.002201039898044976,0.0055037872558992805,0.04733184516810488,0.01984622043270571,0.0,0.9116245728093733
0.019091211819801123,-0.016326808962913598,0.011483072857113755,0.01687448896001536,0.09362162480674988,4.072912863338477e-09,0.0,0.16930842159578074,0.0,0.7292282924633267
0.015175902508095616,0.05516661084712574,0.016336826474775617,0.15483150288884157,0.20514116620681225,8.88997652341258e-15,0.0,0.28348682077300313,0.20908524911947626,0.125013308155606
0.020246816586039405,-0.007371406359296134,-0.005538308477489805,0.0884966556232861,0.08662044216058938,0.04821733710922503,0.0,0.521192967392769,3.691931229219241e-11,0.24877314919008614
0.03496133584874985,0.07367905083934043,-0.037161966540548444,0.009117525978360222,0.0038799140905803513,4.123324271563666e-08,0.0,7.365377924861916e-08,6.195135563141086e-08,0.9961202477976517
0.02791299080901833,0.01780406070099581,-0.011815115469542455,0.1581250666005503,0.24606044352129125,0.05650562940119023,0.0,3.132172547975396e-14,0.18504530116610934,0.3553352601190025
0.017986384802364194,0.05027700966359064,0.016735903808227943,0.07087522948139481,0.1367770538309074,0.01922636408276773,0.0,0.0,0.26521376937763597,0.5089867723845783
0.016076034206904236,-0.005117260035908621,-0.026981332824061212,0.34730022186689213,0.15692844230700978,0.19796548782176412,0.032872996240684085,0.089400157444566,0.18818482575145457,5.1815026054364485e-17
0.0145592219017347,-0.017898124124342333,0.003238907520309225,0.5488294958989927,0.511206746496516,0.0,0.0,0.0,0.0,0.05131062436109849
0.020781192525065214,0.1150532424143794,-0.021389321995883656,0.08598186376808502,0.19197433702141045,0.0025842729351599936,8.307960092177859e-11,0.0037477517316758073,4.73232338647512e-11,0.6741949989150381
0.017522892457275993,0.011179098060788921,0.06320764947995094,0.03932766451743698,0.10026468147675442,0.007618450135114039,0.0,0.1666809581009441,1.5663375512142987e-14,0.675091690529742
0.017282908522813036,0.0074753051456331356,-0.0058525683872423006,0.037487992560598385,0.15311403754566102,2.1045641121406535e-12,0.0,3.0775740991362063e-12,0.44699503307682853,0.3605318015748087
0.01968567717237678,-0.010665444761618353,-0.00648624094515431,0.14261660350524266,0.20389421280293865,0.0,2.0569905558749753e-13,0.2504295112993485,0.04497065103338125,0.3412265970623837
0.013080476719102199,-0.014021025410945126,0.022039257984370723,0.11655068258213687,0.21183192297341474,0.0,0.0,0.16326540719082833,0.39961123017791994,0.09610383428019405
0.013596971229706375,-0.010929715000660692,0.012778105082197207,0.2028829679315434,0.17187123495331946,0.08995772912353223,6.275016413435606e-14,0.0,0.21885412898508658,0.295575462806093
0.01858913136854381,-0.006257662300687891,0.00418218727876416,0.23229720896937578,0.12160086089536365,0.03566326990545291,0.03360121364527133,0.08395832993782888,0.1292705673273261,0.4082073724261452
0.018349235597464267,0.08032200086538972,-0.022779896843357874,0.07182965738765988,0.14312734589734505,0.013545827705138302,0.04742759840001276,0.0,0.5663455790508579,0.14537976653678716
0.01255722234560036,0.057906498702013316,-0.005489072988690637,0.3854549956995654,0.0878667906789372,0.0,0.0595606609456256,4.972439071964843e-13,0.3263036330176811,0.1429786952383452
0.03681602158664434,0.045988572947359134,-0.03401722617819815,0.017310040763233753,0.11435518738156866,3.990593582179327e-14,0.0,0.17920563682575358,0.012711900109673597,0.6752811937059334
0.01858913136854381,-0.006257662300687891,0.00418218727876416,0.23229720896937578,0.12160086089536365,0.03566326990545291,0.03360121364527133,0.08395832993782888,0.1292705673273261,0.4082073724261452
0.013517498920105224,0.07078367855003635,0.003997387304782655,0.07942057136735817,0.12163276999406021,0.046285322124461306,1.4640877547034384e-13,1.339890486743965e-14,0.44120090564859404,0.29407139241686153
0.022441862537837944,-0.08986580673999478,0.007232310379801022,0.13903915035382575,0.19781231707725003,0.037686040335737796,0.04144566928393005,0.07701433970724077,0.4933449947020797,0.0
0.011235479040622453,0.09844212277595178,-0.01186686837305326,0.10315969216640625,0.12490754947214017,0.07457033518449888,0.0,0.0,0.25185657411202966,0.4286996739465036
0.01702389172369551,0.012815890570242083,0.04267638278871817,0.14428440415517288,0.1614619567055573,0.07712970828871497,0.007710294727642035,0.10997984666377918,2.138191321090818e-17,0.4953588363141428
0.014136025433561452,-0.04069665873145061,0.01990310369327847,0.08518705848926575,0.12675365783501352,2.316546125804626e-13,0.0,0.08949616064965345,0.397727350594731,0.29037279526902365
0.018891387778555358,0.04018309595571849,-0.02508953622027287,0.444789599247573,0.17201188117336044,0.0,0.22289824717811912,0.1783290111380657,2.945494437880301e-14,0.0
0.012822166687605269,0.0025899441439195857,0.021984769461451312,0.062306348122191525,0.08556472442630704,8.900015708219696e-15,0.08401804443814369,0.511185256592743,1.9011972569459972e-13,0.24154686065276698
0.01737947015416502,0.005758131400077224,0.019465430269765997,0.08522384719895751,0.09278429346616343,0.09193793550164386,0.11927172041970076,6.7330225838903646e-18,8.079627100668437e-18,0.6160052683030768
0.009699190864541147,-0.08837995662486824,0.017579571207440445,1.0000000000000002e-08,0.0,0.04043197895219893,0.0,0.0,0.0,0.941335192588743
0.01858913136854381,-0.006257662300687891,0.00418218727876416,0.23229720896937578,0.12160086089536365,0.03566326990545291,0.03360121364527133,0.08395832993782888,0.1292705673273261,0.4082073724261452
0.01858913136854381,-0.006257662300687891,0.00418218727876416,0.23229720896937578,0.12160086089536365,0.03566326990545291,0.03360121364527133,0.08395832993782888,0.1292705673273261,0.4082073724261452
0.01858913136854381,-0.006257662300687891,0.00418218727876416,0.23229720896937578,0.12160086089536365,0.03566326990545291,0.03360121364527133,0.08395832993782888,0.1292705673273261,0.4082073724261452
0.019230149381916653,-0.1408449915299839,-0.03302367398490551,0.6766755337587392,0.0864076557288206,0.06632764254254536,0.09620771086740378,0.0,0.0,0.07569826741591851
0.01858913136854381,-0.006257662300687891,0.00418218727876416,0.23229720896937578,0.12160086089536365,0.03566326990545291,0.03360121364527133,0.08395832993782888,0.1292705673273261,0.4082073724261452
0.01858913136854381,-0.006257662300687891,0.00418218727876416,0.23229720896937578,0.12160086089536365,0.03566326990545291,0.03360121364527133,0.08395832993782888,0.1292705673273261,0.4082073724261452
0.01858913136854381,-0.006257662300687891,0.00418218727876416,0.23229720896937578,0.12160086089536365,0.03566326990545291,0.03360121364527133,0.08395832993782888,0.1292705673273261,0.4082073724261452
0.01858913136854381,-0.006257662300687891,0.00418218727876416,0.23229720896937578,0.12160086089536365,0.03566326990545291,0.03360121364527133,0.08395832993782888,0.1292705673273261,0.4082073724261452
0.009784273572368826,0.12571835855835084,0.004767320912888198,0.10259507018398319,0.6205637222004445,0.26509915191082367,9.236860562763936e-15,2.050586544377487e-15,8.107190318524637e-15,0.11433712588871081
0.018350690623503942,-0.014444817396983216,0.03234016382893797,0.1229398550191015,0.29115194510974196,0.014733981325081484,7.658648227434571e-11,0.09621164313198628,1.8193149586863645e-10,0.4933833028305816
0.015263541180507809,-0.006336769083982786,0.0032995642054023523,0.21498685973322793,0.287676265130854,0.4084396023597046,8.387196960896628e-12,0.0,0.05116440343992263,0.1993215616863764
0.01858913136854381,-0.006257662300687891,0.00418218727876416,0.23229720896937578,0.12160086089536365,0.03566326990545291,0.03360121364527133,0.08395832993782888,0.1292705673273261,0.4082073724261452
0.021194797396458777,-0.04672971761497572,-0.009053806525369672,0.5133737441731472,0.2056248264510813,0.012894917703935502,0.0,1.3557503685869727e-15,0.2885443173859999,1.7331199880579326e-15
0.010110460630879198,-0.07052501449662187,-0.00956444591433353,0.09718899762449772,0.007928420646037484,0.09624726247757022,1.4617826564944305e-11,0.0,0.6351096579014011,0.150740865223777
0.029742843302205033,-0.026743900910205537,0.021995499352818148,0.10227386353383869,0.16250203232016883,0.10636046434815367,1.3544248973463783e-14,0.2799364499746556,0.0,0.3243474645357374
0.014773395781669347,-0.041744020106004115,-0.04359549140766956,0.8433078346354547,0.11181122182498655,0.02306503287819331,0.0,0.0,0.0,0.0
0.017725244019563106,0.018902839897332584,-0.003266139212624284,0.06932438251931133,0.30005455073000953,0.0,0.0,0.3278374706556264,0.23628030951996445,0.0670955856499173
0.02445396724685458,0.010767943032685058,-0.012609894508037529,0.9047847606294328,0.1105199351794765,0.020806894274952744,6.119015147189585e-12,0.0,0.0,1.4246850916165197e-14
0.02183420141997709,-0.06417890778701163,0.012765117248629151,0.8362419419976496,0.09401793079420429,0.07218486232407499,0.0,3.6336455908520094e-15,3.3430976964815516e-15,3.932625905676741e-15
0.03718568278571044,-0.030711982642960586,-0.019403447727460117,0.031625242279747105,0.24745021822877766,2.0636004166717243e-12,0.0,0.0,0.05573843598837585,0.696811345823827
0.01858913136854381,-0.006257662300687891,0.00418218727876416,0.23229720896937578,0.12160086089536365,0.03566326990545291,0.03360121364527133,0.08395832993782888,0.1292705673273261,0.4082073724261452
0.014694515517065992,-0.18505795787143034,0.054740857237395774,0.20479952630763953,0.10398011379938948,7.734979907649764e-13,0.003260031152221365,0.0,1.4204056655809587e-12,0.6869736434862657
0.020314073272935423,-0.047072783556598635,-0.012218872650674633,0.00398402439448901,0.018153892911074564,2.879621918057216e-16,5.99062471394132e-16,1.1997910000091154e-15,0.26524815513989564,0.7165982233817612
0.01858913136854381,-0.006257662300687891,0.00418218727876416,0.23229720896937578,0.12160086089536365,0.03566326990545291,0.03360121364527133,0.08395832993782888,0.1292705673273261,0.4082073724261452
0.017419308440018464,-0.015719605227076865,0.05784021881177869,0.15538188000730685,0.25733124297855337,0.019206410586000748,0.0,0.0,0.04175638441543116,0.5004411528748852
0.02545093709390876,0.08674190690520649,0.004071169323419168,0.015325278528245374,0.08636109607705643,0.08005823037006081,0.00937619084275986,0.0,0.07352176495866154,0.737961190478758
0.026649424753051296,-0.05396366742881902,-0.004255271626408713,0.6355304608636111,0.004818605072183564,0.0,0.19315805544985679,0.040397759579055934,0.0,0.0
0.012252275102362592,0.017519059285234482,-0.035279668161171396,5.52668094316575,0.9821871313718187,0.00691413633519906,0.0016403812294813079,0.0038850421965231337,0.00013383323310996986,0.007013755984366311
0.014433814986095046,-0.02622728683222267,0.04298646474403541,0.8181471134666035,0.11411472690527209,0.06169981051347744,0.01312674689258428,0.0,0.0,0.0
0.01858913136854381,-0.006257662300687891,0.00418218727876416,0.23229720896937578,0.12160086089536365,0.03566326990545291,0.03360121364527133,0.08395832993782888,0.1292705673273261,0.4082073724261452
0.01858913136854381,-0.006257662300687891,0.00418218727876416,0.23229720896937578,0.12160086089536365,0.03566326990545291,0.03360121364527133,0.08395832993782888,0.1292705673273261,0.4082073724261452
0.016408207670263422,0.09992631885132086,0.009728682610888838,0.8463181460504179,0.04568978137678683,1.7824476956698164e-12,0.10912056919661478,4.4515511300818384e-12,4.539638870636182e-12,4.534184341182587e-12
0.013122866212663514,0.011512752918394502,-0.03165653819268199,0.06535210041191321,0.21499888711095366,0.0008461510678771317,5.5269073795455504e-11,7.215163078422998e-12,0.25701818131820525,0.46086280818629605
0.01858913136854381,-0.006257662300687891,0.00418218727876416,0.23229720896937578,0.12160086089536365,0.03566326990545291,0.03360121364527133,0.08395832993782888,0.1292705673273261,0.4082073724261452
0.016404009860016004,0.012444255235694826,-0.012009254185174394,0.03976262490770567,0.08668061717732288,0.06487118741491199,1.0126971728435565e-10,0.05049546716221656,0.0,0.7557219057289245
0.015302397682526473,-0.012038884756445198,0.027472989166057928,0.09376666651501075,0.27642511298779826,0.07606814760025535,0.007706487444445721,8.028393150318694e-10,6.067906929792854e-10,0.5759343439980452
0.01858913136854381,-0.006257662300687891,0.00418218727876416,0.23229720896937578,0.12160086089536365,0.03566326990545291,0.03360121364527133,0.08395832993782888,0.1292705673273261,0.4082073724261452
0.014036929364961696,-0.08628257582016556,-0.011896879580139122,0.04859106518613116,0.12522113120538042,0.05017112868521474,0.0009324733643230066,0.0,0.2352980446476459,0.5276401370925261
0.01858913136854381,-0.006257662300687891,0.00418218727876416,0.23229720896937578,0.12160086089536365,0.03566326990545291,0.03360121364527133,0.08395832993782888,0.1292705673273261,0.4082073724261452
0.026045109456948455,-0.1558496564755001,0.019644530135044143,0.032486054038576205,0.17240254911148867,0.03981163933424548,0.006917311875165496,0.0,0.0,0.7494003257103382
0.013211711699810566,-0.0021883881795280364,-0.07479695182908859,1.0000897075298615e-08,0.0029034049094096882,3.0259118803569697e-12,2.564694638154138e-12,4.641817501022981e-13,3.770049704074495e-13,0.9904762662629639
0.018012644142855555,0.06201999261627722,-0.018108865274116155,0.25351923929112996,0.11986647575879307,0.04587167215470459,0.10153458258341146,0.0,0.0,0.48779826070712207
0.01858913136854381,-0.006257662300687891,0.00418218727876416,0.23229720896937578,0.12160086089536365,0.03566326990545291,0.03360121364527133,0.08395832993782888,0.1292705673273261,0.4082073724261452
0.01858913136854381,-0.006257662300687891,0.00418218727876416,0.23229720896937578,0.12160086089536365,0.03566326990545291,0.03360121364527133,0.08395832993782888,0.1292705673273261,0.4082073724261452
0.019555069090141854,-0.007321884100277252,-0.035574422384116226,0.2338972039918513,0.0888066710761809,0.021519027318076308,0.07137392081229813,1.0770728824942474e-11,0.3828766667243158,0.20155786432241735
0.023334957434973956,0.0061050737363235194,-0.018780461925984097,0.026145886777008354,0.16762275392118206,0.07461068464665481,0.0,0.0,0.08936551744906568,0.6415906445457622
0.01858913136854381,-0.006257662300687891,0.00418218727876416,0.23229720896937578,0.12160086089536365,0.03566326990545291,0.03360121364527133,0.08395832993782888,0.1292705673273261,0.4082073724261452
0.013181740693417775,0.05678233325900095,0.01658357555743473,0.04614453759501469,0.1709936916354679,0.0,0.0,0.04847223631958328,0.5946686178270563,0.16857043203267147
0.020846427166171452,0.0055695382330379845,0.07987637282938234,0.059664858285421056,0.0,0.0,0.0,0.016404816487824155,0.0,0.9322150659136105
0.017011352988891247,-0.0004316393734747402,-0.015548366975001162,0.16045400675840865,0.14505544882445245,0.011445131423620586,0.09307765145675514,1.166731980044256e-10,1.26876966456146e-10,0.602485577893666
0.01858913136854381,-0.006257662300687891,0.00418218727876416,0.23229720896937578,0.12160086089536365,0.03566326990545291,0.03360121364527133,0.08395832993782888,0.1292705673273261,0.4082073724261452
0.01858913136854381,-0.006257662300687891,0.00418218727876416,0.23229720896937578,0.12160086089536365,0.03566326990545291,0.03360121364527133,0.08395832993782888,0.1292705673273261,0.4082073724261452
0.015824179180536503,0.004795848044723526,0.02481184908319488,0.7713704003312406,0.11703983817784351,0.058966128632773916,1.9399396143834766e-14,0.0,2.562279793846663e-15,0.05033050152931448
0.028183243335700763,0.001597893316814581,-0.031138073056631063,0.07535118874452662,0.009035954229758662,0.09816479858168443,2.407900539540708e-15,0.48702443343835833,0.0,0.33483924222483596
0.01858913136854381,-0.006257662300687891,0.00418218727876416,0.23229720896937578,0.12160086089536365,0.03566326990545291,0.03360121364527133,0.08395832993782888,0.1292705673273261,0.4082073724261452
0.019345490938867393,-0.058695880238934024,0.005640724113196663,0.10047074456812466,0.17862342906383782,0.06516166459247412,0.02558569438120146,0.2166230827585906,1.4540046588135933e-13,0.3968965272863565
0.02656337370626535,-0.08867732004390697,0.1362554123303605,0.11699330962943097,0.4825810642135888,0.012424352676346671,1.546028590951897e-11,0.0,0.23002925547307035,0.2749653288973541
0.01858913136854381,-0.006257662300687891,0.00418218727876416,0.23229720896937578,0.12160086089536365,0.03566326990545291,0.03360121364527133,0.08395832993782888,0.1292705673273261,0.4082073724261452
0.02558130318130192,-0.04339451232426006,0.0003157940045197537,0.08905746960750582,0.3155619431485872,0.049108291235578125,0.0,0.0,0.2992627691305061,0.24448605521223843
0.022864977709083138,-0.030372809927667756,-0.0043632815814895415,1e-08,0.0,0.0,0.0,0.0,0.01377590653182247,0.9710380498823679
0.017433991758501015,-0.1869262130030032,0.040137723734799076,0.9633281788702629,0.03137452194945407,3.4546228128738315e-13,0.0049095937665248005,0.0,0.0,0.0
0.018805700899260126,0.079875747947057,0.019184791767530577,0.07063218179852813,0.040323217611930647,1.1555008166384153e-11,0.0,5.286606354218789e-11,3.3326093331170866e-11,0.8943362447060748
0.014549086127101001,0.04847964235156378,-0.0730151249292471,0.7379227520566553,0.21267938895457428,8.373942456206983e-14,4.646084385394024e-13,0.0,7.130990653539805e-14,0.07764371304362563
0.017539224348187367,0.015588631237760943,0.002318444235611474,0.017789928616149392,0.01457997280683022,9.005117585196041e-12,0.009424884090774818,8.536265878889262e-12,0.9587646105438103,8.584673278280832e-12
0.016146709577608935,0.009051122902323442,0.05577582191267533,0.5107379918982027,0.005829800571266315,1.7025312999023755e-10,0.14449716633792983,2.2533316179988508e-08,3.6681421861165874e-09,0.3358991395222299
0.014899253425897927,-0.040350689455093014,0.016459651746322544,0.31238954189736784,0.12518233414989413,0.0,4.558618064234153e-12,0.0,3.2971708558636526e-12,0.5643684104039761
0.02019752758422485,-0.035742646694475744,0.006859736616610542,0.746036432084673,0.17262089282939672,0.0,0.11910175336070199,4.577500205914759e-16,0.02052393100600917,3.212642323593119e-16
0.026150490616055313,0.0058361853002724005,-0.06197258190075105,0.12128091262099817,0.15578706965860162,0.01546716471540003,0.39323680569609404,0.2704244759794516,4.700678432329854e-16,0.16249497758113904
0.01581400385191243,0.06483030303868861,-0.01653096049790001,1.3656582358814621e-08,2.342951306184138e-16,2.4950952280142993e-08,3.5566738821061946e-16,0.0005237579298774628,0.009003235484141323,0.9834197985117628
0.017883872600402775,0.06961363301303093,0.018048275218836386,0.013321726261164886,0.08189442069840895,0.057791456727485015,0.0,0.0,0.3844918172118178,0.46157147564418377
0.012857468292210988,-0.1207293856058342,0.06610440593845587,0.6214923136101865,0.10018790088359716,0.23785543942059742,0.07543380095968996,3.257600613396237e-13,7.51887000141237e-13,6.780325982312063e-13
0.013165875251551303,-0.017843965259872842,-0.07224990658288925,0.0027781033689500585,0.0,0.0,0.0,0.989921759383339,4.880046887423273e-12,4.899216882875423e-13
0.020782770373487792,-0.03695871724413163,0.004478514667629218,0.8543523708789208,0.1265413193986045,0.02703778307665021,0.0,8.432130733168535e-13,8.639037424612018e-13,9.074666887575156e-13
0.015459447410274961,-0.10753092187739298,0.027969492489349088,0.1118010014757659,0.09832208648849267,0.0,0.014314577965997607,1.6963979570477887e-13,0.30479144424435967,0.473260164720819
0.025473807574942317,0.1315894760305677,-0.0025119721544429132,0.0033981740195418325,0.14591682227960248,0.13679702304721045,0.12655577292910608,0.04348666403280416,0.04348661894874379,0.5185074248063855
0.025608388763224965,-0.13891113741153785,-0.032221978408519876,0.25431722138432483,6.574308875128583e-11,9.703346917157063e-10,2.973331321761801e-10,2.1205675335319615e-08,0.6817906463827115,2.1731328549011753e-08
0.02716506622435685,-0.03579950817960553,-0.06118964862756561,0.04639680611579755,0.09476284469672086,0.0,0.0,0.0,0.6147358235346488,0.23594783693802643
0.023611236202178205,-0.007685644078714057,-0.10680118864591269,0.2702105700507126,0.6005422472519588,5.822876500239859e-14,0.0,0.11432768764398099,0.059556336489245784,0.08537848312883668
0.01858913136854381,-0.006257662300687891,0.00418218727876416,0.23229720896937578,0.12160086089536365,0.03566326990545291,0.03360121364527133,0.08395832993782888,0.1292705673273261,0.4082073724261452
0.016652055716002208,-0.06906883918750249,0.023077042566530617,0.014474493686943504,0.03423753237210337,0.0,0.04181705440210784,0.0,0.7220909607927207,0.1851109462554794
0.014642714057706509,-0.06361007096153179,-0.010614430131945008,0.09367115090849985,0.016470448804730784,0.0,0.00031092526702350436,1.9636801064315756e-13,0.5530544258097605,0.33680299253378887
0.015679295323926097,-0.03368956189710818,0.002684810946188297,1.0019407564827287e-08,0.002962636628278553,3.857839593517898e-11,0.055934621657167394,3.026296390521307e-11,0.93874057428898,2.983569401377581e-11
0.020616263308335266,-0.2796017264223067,0.029204326320677713,0.051287578261247774,2.9197181554817285e-12,2.0006422595216206e-12,0.0,0.032368811566735475,1.3113921756352409e-11,0.8709329656895971
0.016016968579490906,-0.08748865508163947,-0.03377386036666657,0.11709646195538034,0.12416962813265828,1.1876982674063998e-11,0.0,0.10081953490726656,3.2524753893745005e-10,0.6570968038223768
0.016704752377853318,-0.02233272740495894,0.06061367627274062,0.7082399155147948,0.030200613578663292,0.17820797745823616,0.09409141563610847,3.971838055808098e-13,5.558855347909211e-13,4.884107742541231e-13
0.019239111950588795,-0.08077434323950841,-0.040564047637017514,0.012066243164458016,1.348382509705808e-10,2.6289080011460624e-10,0.020784869892617488,2.8049602475807296e-11,1.1036113160052865e-10,0.9717712982487016
0.01723859559362397,-0.04898941821680617,0.03413208772469059,1.0009342246978211e-08,4.084871302576711e-11,3.163103743445768e-11,0.0009658180475129179,1.1834146301598099e-11,1.3055439160920222e-11,0.9935975749572558
0.010800029531856008,-0.07011888362909496,0.0046078756278678645,1.283060792857586e-08,7.319833692999493e-10,3.5287580133860747e-09,4.37410852609336e-10,1.3525602050265303e-06,0.04052487343649016,0.9526026034586387
